that,1475
with,892
they,775
have,670
from,645
their,591
more,571
people,532
what,513
this,461
when,456
about,444
your,418
there,365
them,359
some,357
were,355
than,355
will,342
which,323
time,322
would,310
children,293
been,264
many,258
because,251
most,246
school,238
after,236
students,227
help,219
first,214
other,214
life,212
work,196
make,195
said,192
only,189
should,184
years,183
year,182
like,179
could,179
good,178
world,176
also,169
even,160
just,159
then,158
water,154
parents,153
found,151
into,150
much,148
author,147
passage,145
very,141
know,141
according,139
important,139
paragraph,138
down,137
while,136
well,135
think,135
want,135
family,135
often,133
find,131
over,130
hours,130
before,130
writing,130
take,129
those,129
does,129
these,127
best,126
however,125
feel,124
made,123
never,122
where,119
less,119
research,118
great,114
learn,114
change,114
study,114
teacher,114
need,112
small,112
food,112
following,110
thought,109
through,109
better,109
class,109
talk,108
between,107
still,107
used,107
others,106
something,105
home,104
every,104
three,103
last,103
being,102
might,102
money,99
same,98
says,98
part,97
things,97
another,97
different,96
come,96
away,95
child,94
place,93
mother,93
without,90
true,90
little,90
attitudes,90
right,88
such,88
experience,88
long,88
point,86
keep,86
animals,86
handwriting,85
give,83
once,83
young,82
write,82
jacket,82
going,81
times,81
each,81
text,78
words,78
five,77
friends,77
teachers,77
problem,77
must,76
hard,76
show,76
university,76
making,75
probably,75
means,74
human,74
days,73
back,73
early,73
social,73
washington,73
science,72
next,71
spelling,71
really,70
called,69
body,69
become,69
around,69
women,69
chinese,69
person,68
thinking,68
college,68
high,66
today,66
having,65
read,65
until,65
week,64
came,64
percent,64
house,64
paper,63
here,63
china,63
name,63
service,63
makes,63
studies,63
tell,62
sometimes,62
example,61
since,61
always,61
getting,61
attention,61
city,60
ever,60
word,60
wanted,60
humans,60
road,60
sitting,59
ability,59
believe,59
went,59
develop,59
along,59
space,59
friend,58
love,58
someone,58
public,58
felt,58
eating,58
reading,57
rather,57
states,57
soon,56
idea,56
book,56
call,56
likely,56
didn,56
business,56
street,56
system,56
design,56
davis,56
personal,55
united,55
language,55
american,55
during,54
ideas,54
ways,54
both,54
crying,54
health,54
started,54
self,53
myself,53
underlined,53
teaching,53
deep,53
plants,53
teach,52
past,52
office,52
team,52
west,52
father,52
museum,52
working,51
story,51
special,51
number,51
stay,51
shows,50
asked,50
yourself,50
facebook,50
disease,50
everyone,49
books,49
instead,49
couldn,49
stop,49
information,49
realized,49
influence,49
given,48
learning,48
able,48
happy,48
using,48
move,48
desk,48
four,48
silence,48
classroom,48
heat,48
longer,47
problems,47
mind,47
coming,47
improve,47
room,47
doing,47
culture,47
products,47
tend,47
left,46
remember,46
night,46
grow,46
researchers,46
play,46
later,46
group,46
outside,46
energy,46
product,46
buying,45
mainly,45
began,45
stories,45
student,45
development,45
several,45
store,45
impulse,45
look,44
understand,44
easy,44
reason,44
almost,44
difficult,44
turn,44
live,44
exercise,44
storm,44
title,43
common,43
worked,43
wrong,43
hold,43
already,43
heart,43
effect,43
names,43
interest,43
schools,43
respect,42
free,42
visit,42
success,42
full,42
writer,42
mean,42
famous,42
scientists,42
music,42
start,41
skills,41
weight,41
english,41
education,41
lives,41
woman,40
message,40
decided,40
finally,40
done,40
future,40
sense,40
though,40
possible,40
rise,40
million,40
order,39
watch,39
save,39
allow,39
opened,39
looking,39
within,39
among,39
healthy,39
silk,39
careers,39
report,38
jobs,38
open,38
minutes,38
spent,38
together,38
head,38
fire,38
tour,38
program,38
friday,38
leaves,38
customers,37
british,37
taking,37
real,37
certain,37
morning,37
wait,37
cold,37
express,37
attitude,37
inside,37
adults,37
took,36
again,36
national,36
popular,36
sure,36
enough,36
chance,36
finding,36
fact,36
sign,36
travel,36
became,36
cars,36
arts,36
katzmarzyk,36
process,35
knowledge,35
activities,35
control,35
front,35
told,35
computer,35
please,35
happiness,35
comes,35
living,35
encourage,35
return,35
break,35
shopping,35
experiment,35
natural,35
fish,35
face,34
leave,34
necessary,34
hour,34
events,34
against,34
large,34
hands,34
kids,34
lost,34
experienced,34
places,34
recent,34
peter,34
animal,34
published,34
white,34
main,34
safe,34
clothes,34
deaths,34
coffee,33
under,33
beyond,33
result,33
behavior,33
meaning,33
generation,33
strong,33
company,33
practice,33
feelings,33
news,33
toward,33
foreign,33
position,33
advice,33
modern,33
heard,33
higher,33
especially,33
proper,33
nothing,33
including,33
zoology,33
himself,32
plan,32
relationship,32
hand,32
emotions,32
showed,32
winter,32
visitors,32
clean,32
phone,32
rich,32
successful,32
construction,32
programs,32
usually,32
market,32
offered,32
considered,32
memorial,32
degavre,32
earth,32
interested,31
matter,31
studying,31
doesn,31
focus,31
actually,31
train,31
enjoy,31
based,31
kind,31
quality,31
designed,31
works,31
whose,31
bananas,31
professor,31
themselves,31
owner,31
running,31
serious,31
death,31
vegetarians,31
extra,30
standing,30
list,30
spend,30
technology,30
feeling,30
takes,30
building,30
data,30
positive,30
state,30
case,30
dogs,30
test,30
turned,30
farmers,30
soil,30
america,30
power,30
quickly,30
opinions,30
steve,30
piece,29
care,29
poor,29
government,29
importance,29
gives,29
monday,29
thing,29
seen,29
girl,29
watching,29
environment,29
older,29
seek,29
offer,29
competition,29
physical,29
conservation,29
anything,29
beach,29
receive,28
month,28
although,28
knew,28
everything,28
planet,28
perhaps,28
forest,28
questions,28
avoid,28
second,28
bring,28
psychologists,28
voice,28
talking,28
purpose,28
beautiful,28
expensive,28
passed,28
online,28
choices,28
cities,28
wild,28
companies,28
increase,28
changes,28
local,28
wear,28
looked,27
clear,27
tears,27
role,27
bank,27
helped,27
across,27
driving,27
major,27
support,27
reach,27
showing,27
habits,27
arrived,27
excited,27
changed,27
feet,27
drink,27
experts,27
gave,27
lisa,27
stress,27
thoughts,27
average,26
kept,26
members,26
realize,26
tried,26
extremely,26
meet,26
deal,26
helps,26
kinds,26
huge,26
developed,26
land,26
areas,26
rest,26
seem,26
anger,26
drinking,26
temperature,26
joined,26
games,26
moving,26
traditional,26
written,26
industry,26
traffic,26
related,26
appear,26
bike,26
minute,26
seven,26
monument,26
lori,26
layer,26
parrots,26
cannot,25
smile,25
britain,25
families,25
parts,25
event,25
whole,25
ones,25
step,25
simple,25
required,25
build,25
easily,25
society,25
africa,25
international,25
anyone,25
keeping,25
discovered,25
reduce,25
noticed,25
raised,25
greater,25
growing,25
global,25
complete,25
trees,25
create,25
late,25
wallet,25
chances,25
clerk,25
richard,25
shop,24
paid,24
earn,24
easier,24
diet,24
carried,24
country,24
card,24
risk,24
approach,24
nature,24
emotional,24
television,24
south,24
center,24
readers,24
short,24
notes,24
course,24
summer,24
line,24
area,24
needed,24
efforts,24
plastic,24
groups,24
director,24
corn,24
nearly,24
march,24
fall,24
wind,24
disappointment,24
field,24
wrote,24
grand,24
pets,24
george,24
town,23
seemed,23
specific,23
least,23
york,23
brain,23
history,23
hope,23
walk,23
communicate,23
reported,23
available,23
broken,23
seems,23
understanding,23
relationships,23
effort,23
east,23
upon,23
buildings,23
media,23
sleep,23
prefer,23
prize,23
president,23
needs,23
sound,23
letters,23
calm,23
period,23
bicycle,23
cause,23
flowers,23
capitol,23
light,23
protect,23
essay,23
table,23
desks,23
weakness,23
wildlife,23
species,23
unicorn,23
wall,22
saying,22
else,22
hear,22
lose,22
ourselves,22
benefits,22
cost,22
affect,22
tree,22
weeks,22
trying,22
behind,22
worth,22
access,22
activity,22
suddenly,22
therefore,22
warm,22
search,22
afraid,22
casual,22
sharp,22
present,22
infer,22
friendship,22
shoppers,22
growth,22
touched,22
suggests,22
door,22
snow,22
academy,22
purchases,22
stores,22
jealousy,22
moved,21
learned,21
taken,21
station,21
suggested,21
held,21
daily,21
months,21
except,21
carry,21
waiting,21
regular,21
practical,21
london,21
bags,21
attractive,21
stand,21
colleague,21
century,21
model,21
shape,21
hero,21
task,21
potential,21
describe,21
level,21
range,21
river,21
larger,21
trade,21
monkeys,21
goods,21
pupils,21
subject,21
package,21
shelf,21
houses,21
unique,20
surprise,20
gets,20
communication,20
confused,20
boys,20
whether,20
prepared,20
useful,20
achieve,20
above,20
discussion,20
despite,20
situation,20
project,20
actions,20
internet,20
single,20
hospital,20
half,20
offers,20
decisions,20
close,20
interesting,20
points,20
farm,20
explain,20
medicine,20
vehicles,20
safety,20
circle,20
provide,20
guide,20
sight,20
generally,20
avenue,20
pressure,20
dangerous,20
toys,20
baby,20
pupil,20
franklin,20
known,19
similar,19
quite,19
adult,19
eyes,19
connected,19
happened,19
general,19
prevent,19
clearly,19
reasons,19
side,19
wonder,19
trust,19
imagine,19
giving,19
drivers,19
emotion,19
countries,19
largest,19
charge,19
choose,19
angry,19
direct,19
follow,19
female,19
solve,19
david,19
rate,19
towards,19
view,19
mountains,19
walking,19
evidence,19
burning,19
peace,19
rights,19
introduce,19
plant,19
green,19
wife,19
wasn,19
rarely,19
photo,19
association,19
miss,19
belief,19
designs,19
campus,19
male,19
holding,19
length,19
blood,19
affects,19
boots,19
ronnie,19
poster,19
opinion,18
girls,18
encouraged,18
shared,18
share,18
middle,18
thank,18
email,18
check,18
send,18
answer,18
colleagues,18
uses,18
added,18
driver,18
expressions,18
lets,18
offices,18
catch,18
near,18
surprised,18
danger,18
graduates,18
bigger,18
biggest,18
wouldn,18
immediately,18
camping,18
protection,18
increased,18
examples,18
trip,18
ready,18
bright,18
question,18
carbon,18
harmful,18
western,18
scientific,18
climate,18
limited,18
rain,18
stolen,18
spot,18
facts,18
latest,18
devices,18
smaller,18
expected,18
couple,18
black,18
size,18
nation,18
image,18
apps,18
tickets,18
named,18
rare,18
warming,18
brought,18
insects,18
oxen,18
climbing,18
horn,18
nasa,18
thief,18
swans,18
banana,18
served,17
atmosphere,17
pocket,17
becoming,17
allowed,17
ancient,17
messages,17
goes,17
sent,17
certainly,17
attempt,17
aware,17
slowly,17
contact,17
mentioned,17
telling,17
form,17
improvement,17
effects,17
edge,17
dear,17
computers,17
truly,17
basic,17
bottom,17
accept,17
exist,17
shocked,17
england,17
drive,17
eventually,17
address,17
dream,17
orange,17
amount,17
closer,17
fast,17
formed,17
lead,17
occurred,17
evaluate,17
gold,17
emergency,17
tourists,17
prepare,17
partly,17
worst,17
neighborhood,17
hundreds,17
career,17
workers,17
objective,17
sculptures,17
welcome,17
universities,17
type,17
handed,17
mortality,17
killed,17
tolstoy,17
bugs,17
audrey,17
urine,17
maybe,16
lower,16
asking,16
teenagers,16
choice,16
faster,16
continue,16
plans,16
becomes,16
intended,16
stopped,16
yours,16
fight,16
fair,16
cards,16
comfortable,16
topic,16
southern,16
europe,16
walked,16
dinner,16
liked,16
simply,16
graduate,16
apply,16
alcohol,16
lived,16
suggest,16
machine,16
pull,16
round,16
floor,16
matters,16
caught,16
thus,16
below,16
speed,16
begins,16
brief,16
rice,16
chemicals,16
training,16
highly,16
value,16
recognize,16
official,16
capital,16
date,16
ground,16
grocery,16
moon,16
kindness,16
sell,16
benefit,16
anxious,16
thursday,16
saturday,16
november,16
sustainable,16
lucky,16
pictures,16
draw,16
aggressive,16
offering,16
debris,16
chester,16
treadmill,16
ladder,16
antarctica,16
rainforests,16
fulton,16
stars,16
malaria,16
pump,16
hybrid,16
frank,16
calf,16
edmonds,16
twice,15
pleasure,15
younger,15
housework,15
tired,15
itself,15
alone,15
throw,15
searching,15
freely,15
content,15
game,15
effective,15
types,15
magazine,15
trouble,15
degree,15
thinks,15
either,15
begin,15
sports,15
prove,15
illness,15
bird,15
library,15
stick,15
board,15
arms,15
grown,15
spring,15
kicked,15
lady,15
received,15
attraction,15
choosing,15
expect,15
breakfast,15
smith,15
applications,15
challenge,15
aviation,15
inferred,15
homes,15
economic,15
village,15
price,15
impact,15
employees,15
birds,15
sensitive,15
forty,15
cutting,15
ebay,15
gathering,15
jealous,15
newspaper,15
banff,15
angus,15
watches,15
enjoyed,14
waiter,14
shown,14
limit,14
spending,14
wonderful,14
harder,14
action,14
valuable,14
inspire,14
financial,14
inspired,14
friendly,14
ahead,14
record,14
worse,14
central,14
liquid,14
americans,14
difference,14
happier,14
nine,14
weak,14
forward,14
secretary,14
attract,14
compared,14
climb,14
seeing,14
theme,14
particularly,14
gone,14
remain,14
frequently,14
results,14
bond,14
regularly,14
earlier,14
join,14
cases,14
parks,14
generations,14
code,14
police,14
unit,14
born,14
style,14
luck,14
likes,14
california,14
produce,14
wheel,14
cheap,14
fears,14
pick,14
further,14
policemen,14
users,14
changing,14
winner,14
variety,14
worms,14
method,14
causes,14
violent,14
color,14
primary,14
talked,14
teenager,14
traditions,14
managed,14
complexities,14
previously,14
officer,14
controversial,14
graduation,14
profession,14
maple,14
clerks,14
fuel,14
mills,14
amazing,14
studied,14
attend,14
telephone,14
dress,14
hatches,14
evolution,14
swan,14
celebrity,14
knowing,13
weekends,13
holidays,13
saving,13
returned,13
doubt,13
familiar,13
criticism,13
analysis,13
digital,13
neighbor,13
platform,13
excellent,13
senior,13
parent,13
nervous,13
honest,13
connecting,13
north,13
levels,13
habit,13
fruit,13
completely,13
software,13
patients,13
fresh,13
fewer,13
moment,13
movie,13
tests,13
conversation,13
consider,13
whatever,13
production,13
taught,13
nobel,13
flight,13
thousands,13
traveling,13
starting,13
caused,13
acceptable,13
admit,13
mexico,13
spread,13
hello,13
agent,13
loss,13
streets,13
wide,13
camp,13
april,13
issues,13
device,13
boss,13
page,13
phrase,13
gain,13
respond,13
winners,13
picture,13
dance,13
classes,13
sympathy,13
ignored,13
impressive,13
constantly,13
marks,13
shout,13
yell,13
terrible,13
ruled,13
groceries,13
presented,13
dutch,13
weather,13
surface,13
signals,13
resources,13
crops,13
increases,13
enose,13
rock,13
nigel,13
ruben,13
treadle,13
cavendish,13
folding,13
poisoning,13
cats,13
looks,12
olds,12
cooking,12
include,12
restaurant,12
aged,12
decide,12
driven,12
focused,12
viewing,12
beginning,12
annual,12
opportunity,12
died,12
neighbors,12
active,12
gift,12
advance,12
fashion,12
novel,12
developing,12
jane,12
everywhere,12
hardly,12
dollars,12
speech,12
powerful,12
happen,12
primarily,12
recovery,12
believed,12
experiences,12
pain,12
truck,12
kill,12
photos,12
forms,12
taste,12
ages,12
screen,12
models,12
unimportant,12
husband,12
slow,12
additional,12
crop,12
fertilizer,12
safer,12
consumption,12
lessons,12
pollution,12
third,12
seat,12
lack,12
background,12
wants,12
raise,12
cultural,12
thoughtful,12
reflection,12
french,12
mexicans,12
pulled,12
removed,12
asia,12
park,12
appeared,12
values,12
scientist,12
sales,12
produced,12
chicken,12
population,12
strength,12
nearby,12
visiting,12
contained,12
leaving,12
cast,12
trainees,12
robot,12
extend,12
critical,12
everybody,12
steps,12
sunday,12
path,12
bill,12
friendships,12
technical,12
writers,12
unwise,12
acquire,12
nerves,12
priority,12
presentation,12
processes,12
instance,12
gradual,12
elementary,12
grade,12
protects,12
influenced,12
goby,12
retired,12
repeating,12
briefcase,12
attracts,12
shopper,12
constitution,12
wing,12
contains,12
crazy,12
brother,12
solar,12
jungle,12
temperatures,12
india,12
helping,12
subjects,12
battery,12
violence,12
contagious,12
ethanol,12
laptop,12
iphone,12
fiji,12
napoleon,12
entered,11
note,11
obviously,11
concerned,11
weekly,11
lots,11
strict,11
independent,11
magic,11
terms,11
issue,11
dickens,11
drove,11
failed,11
unusual,11
garden,11
helpful,11
worry,11
teens,11
appears,11
weekend,11
awareness,11
pretty,11
network,11
determined,11
meaningful,11
andseeing,11
included,11
shouldbe,11
mouth,11
press,11
juice,11
confidence,11
cool,11
failure,11
rescue,11
medical,11
drugs,11
reached,11
secret,11
judge,11
feed,11
explains,11
described,11
relax,11
throughout,11
diets,11
agriculture,11
loved,11
playing,11
court,11
decision,11
cultures,11
transport,11
unless,11
dreams,11
tiny,11
recycled,11
refer,11
staying,11
childhood,11
shock,11
link,11
ride,11
cried,11
posted,11
stayed,11
engineering,11
recently,11
films,11
roads,11
driverless,11
emissions,11
considering,11
provided,11
objects,11
lies,11
youngsters,11
opportunities,11
businesses,11
version,11
closed,11
dawson,11
wang,11
located,11
healthier,11
unfortunately,11
errors,11
priorities,11
indirect,11
somewhat,11
obtain,11
hesitation,11
mirror,11
sounded,11
fastened,11
pockets,11
okay,11
overlooking,11
knock,11
shouted,11
forces,11
confuses,11
club,11
sand,11
military,11
reducing,11
decades,11
killer,11
flights,11
followed,11
married,11
unhappy,11
income,11
sheets,11
sick,11
putting,11
competitors,11
indian,11
watson,11
legs,11
aging,11
pumps,11
recycling,11
tailor,11
clocks,11
normal,10
afford,10
besides,10
strange,10
scotland,10
slightly,10
cleaning,10
directly,10
details,10
pounds,10
touch,10
ease,10
exciting,10
zones,10
seriously,10
planning,10
notice,10
filled,10
honesty,10
intelligence,10
economy,10
talent,10
negative,10
strategies,10
accident,10
perfect,10
pieces,10
suffer,10
unable,10
direction,10
separate,10
dark,10
usual,10
remind,10
harness,10
ordinary,10
difficulty,10
typical,10
guests,10
reward,10
rewarding,10
busy,10
luckily,10
disappointed,10
pleased,10
stuck,10
herself,10
fruits,10
frozen,10
colour,10
findings,10
electronic,10
struggling,10
weren,10
institute,10
manners,10
jumped,10
meat,10
community,10
services,10
eager,10
fill,10
letter,10
smoke,10
film,10
uncle,10
customer,10
dozen,10
promote,10
collection,10
built,10
john,10
anderson,10
adventure,10
badge,10
responsible,10
complex,10
previous,10
systems,10
arrival,10
concern,10
explore,10
includes,10
costs,10
solution,10
nights,10
hair,10
posts,10
lifestyles,10
blame,10
organized,10
theatre,10
bought,10
robert,10
rewards,10
nice,10
cross,10
communications,10
alaska,10
object,10
teresa,10
amongparents,10
havetaught,10
basicskill,10
vastly,10
howmuch,10
generallanguage,10
achild,10
confidently,10
himback,10
focal,10
ofhis,10
avoidadventurous,10
ofdictionaries,10
isterrible,10
illegible,10
technicalabilities,10
hadomitted,10
thechild,10
theerrors,10
centered,10
expressionof,10
moremotivation,10
developmentof,10
reactions,10
logical,10
affectthe,10
theburnt,10
figureslike,10
hitler,10
fromexperience,10
theother,10
strategic,10
positionto,10
attitudesfrom,10
deeplyinto,10
haspossibly,10
acquirelittle,10
handling,10
wouldgreatly,10
sciencematters,10
cometo,10
undesirable,10
theirfeelings,10
criticizing,10
byhelping,10
constructive,10
toillustrate,10
theirattitudes,10
heexplains,10
candevelop,10
daytrips,10
becauseher,10
prejudices,10
especiallytrue,10
ofall,10
aposition,10
neverseriously,10
iaccepted,10
toimagine,10
mightsay,10
respectablescholar,10
briefcaseand,10
iwould,10
inand,10
cardsdesigned,10
orangeconstruction,10
thecards,10
theirbreast,10
thismoment,10
imaginedthat,10
orderto,10
atime,10
instructed,10
notebooksand,10
dreamed,10
shopperin,10
reasonfor,10
risen,10
andthis,10
coincided,10
serviceshopping,10
ismuch,10
haveto,10
withmerchandising,10
topersuade,10
theysee,10
attractively,10
thatshoppers,10
usualfor,10
packers,10
dependsheavily,10
persuadingthe,10
supplies,10
halloween,10
picking,10
mcdermott,10
waking,10
assessed,10
painful,10
gender,10
doors,10
warmth,10
discovery,10
description,10
intelligent,10
statements,10
dead,10
breeding,10
topsoil,10
advertising,10
gerner,10
routes,10
blackboard,10
subway,10
laws,9
legal,9
hall,9
evening,9
creative,9
beliefs,9
tips,9
force,9
contain,9
turning,9
impossible,9
trained,9
beat,9
crowded,9
finished,9
gifts,9
permission,9
identify,9
skill,9
difficulties,9
continent,9
runs,9
african,9
truth,9
decade,9
entire,9
seldom,9
produces,9
stepped,9
sorry,9
bread,9
nobody,9
hurried,9
customs,9
hotel,9
conditions,9
doctor,9
finish,9
swim,9
challenges,9
demand,9
patient,9
haven,9
phones,9
stream,9
fell,9
saved,9
sweet,9
iron,9
brown,9
serve,9
eaten,9
challenging,9
annoying,9
strangers,9
psychology,9
speak,9
shirt,9
agreed,9
created,9
tons,9
worldwide,9
environmental,9
silent,9
lights,9
quiet,9
tells,9
literature,9
billion,9
producing,9
requires,9
highway,9
afternoon,9
mixed,9
source,9
stood,9
lesson,9
survival,9
apparently,9
allows,9
surprising,9
millions,9
department,9
leading,9
transportation,9
prices,9
damage,9
personality,9
situations,9
psychological,9
shiny,9
consumers,9
electricity,9
acting,9
ears,9
gardens,9
soup,9
markets,9
secondary,9
celebrities,9
ratings,9
marketing,9
honor,9
mcnay,9
enter,9
collected,9
dieting,9
completed,9
belonged,9
reserved,9
pour,9
brave,9
recruiting,9
metaphor,9
veterinary,9
conservationists,9
governments,9
baltimore,9
airlines,9
governor,9
thousand,9
happens,9
drug,9
diseases,9
engineer,9
sold,9
compounds,9
calendar,9
security,9
electrorobo,9
beings,9
poetry,9
girlfriend,9
singapore,9
crosswalks,9
buses,9
circles,9
gray,9
queen,9
honorable,9
paying,8
played,8
characters,8
account,8
carrying,8
banks,8
excitement,8
lectures,8
encourages,8
deeper,8
goals,8
replaced,8
supper,8
creating,8
carefully,8
spirit,8
cellphones,8
treat,8
pleasant,8
straight,8
drop,8
faced,8
satisfied,8
staff,8
lying,8
spoken,8
letting,8
worried,8
react,8
particular,8
eastern,8
obvious,8
performance,8
hurry,8
convenient,8
improved,8
copying,8
possibility,8
correct,8
monthly,8
tall,8
involved,8
hospitals,8
recognized,8
listen,8
holiday,8
party,8
homework,8
invite,8
berries,8
vitamin,8
guides,8
waste,8
surrounded,8
starts,8
phenomenon,8
handle,8
clock,8
push,8
instructors,8
dioxide,8
firm,8
december,8
civil,8
grandparents,8
daughter,8
trend,8
expressed,8
interests,8
trips,8
agreement,8
private,8
larry,8
window,8
flames,8
controlled,8
passing,8
promise,8
centre,8
meal,8
hoping,8
pass,8
novels,8
require,8
stronger,8
hired,8
property,8
repair,8
quit,8
hadn,8
listening,8
campaign,8
missing,8
broke,8
jennifer,8
balance,8
copy,8
various,8
sources,8
hill,8
programme,8
mobile,8
calls,8
increasing,8
investment,8
journey,8
chose,8
architecture,8
shops,8
restaurants,8
quick,8
tool,8
factor,8
managers,8
turns,8
grew,8
award,8
facilities,8
australia,8
suffering,8
fortune,8
missed,8
delighted,8
beauty,8
rush,8
landmark,8
architect,8
functions,8
warning,8
collecting,8
courage,8
waited,8
lifestyle,8
attractions,8
rises,8
designer,8
federal,8
heartbreaking,8
weeping,8
quietly,8
buttons,8
costume,8
ensured,8
braddock,8
louisiana,8
rawest,8
shed,8
tear,8
victories,8
defeats,8
homesickness,8
cryer,8
loyal,8
companion,8
witness,8
floodgates,8
crouched,8
outlet,8
biopsychosocial,8
unmanly,8
differences,8
reflect,8
farming,8
trappist,8
star,8
europa,8
careersin,8
veterinarians,8
preserves,8
zoos,8
maine,8
classified,8
chill,8
remained,8
authorities,8
andrew,8
declared,8
answers,8
memories,8
forgotten,8
linked,8
hole,8
attack,8
beijing,8
faces,8
knows,8
mark,8
volatile,8
damaged,8
bedrock,8
fear,8
accidents,8
desert,8
owners,8
crick,8
wilkins,8
professors,8
humanities,8
canyon,8
pack,8
magazines,8
enzo,8
aggression,8
projects,8
sesame,8
genetic,8
minds,8
parthenon,8
greek,8
shwe,8
grout,8
tobacco,8
password,8
richardsolo,8
threw,7
manager,7
independence,7
rushing,7
listened,7
movement,7
goal,7
fail,7
losing,7
millionaire,7
marathon,7
smiling,7
elderly,7
tough,7
unlucky,7
remembered,7
affordable,7
recommend,7
optimistic,7
invited,7
track,7
attracted,7
facial,7
settle,7
brings,7
advertisement,7
reliable,7
supported,7
remote,7
economics,7
total,7
connections,7
limits,7
wednesday,7
skate,7
smiled,7
keyboard,7
mistakes,7
contribution,7
impressed,7
somewhere,7
forget,7
sincerely,7
meeting,7
glass,7
lemon,7
milk,7
willing,7
techniques,7
cream,7
rely,7
researcher,7
thanks,7
fully,7
annoyed,7
treatment,7
rooms,7
royal,7
colors,7
movies,7
desire,7
surely,7
progress,7
stadium,7
tuesday,7
delicious,7
skin,7
soft,7
indicates,7
largely,7
vacation,7
harm,7
uncomfortable,7
none,7
elizabeth,7
significantly,7
believes,7
basis,7
indeed,7
provides,7
glad,7
wiser,7
shouting,7
testing,7
dropped,7
sort,7
unwilling,7
worker,7
noted,7
ties,7
stem,7
persons,7
russian,7
asian,7
breaking,7
symbols,7
vehicle,7
injured,7
backed,7
profit,7
ticket,7
vegetables,7
mostly,7
eleven,7
appearance,7
sport,7
setting,7
accepted,7
trading,7
paul,7
festival,7
homeless,7
yesterday,7
tasks,7
consumed,7
factories,7
reduced,7
character,7
disappear,7
miles,7
meals,7
processing,7
struggle,7
gained,7
european,7
farmer,7
scale,7
farmland,7
foods,7
twenty,7
invitation,7
race,7
article,7
covered,7
residence,7
frightened,7
producers,7
member,7
canada,7
travelled,7
architects,7
serves,7
original,7
refers,7
dancing,7
website,7
adventurous,7
careless,7
experiments,7
theatres,7
recover,7
genius,7
reaching,7
abilities,7
sixteen,7
delay,7
workplace,7
manufacturing,7
narrow,7
staring,7
coldness,7
aliens,7
titan,7
solid,7
extraterrestrial,7
voices,7
views,7
injury,7
domestic,7
providing,7
deer,7
coast,7
records,7
chills,7
lines,7
shelter,7
centers,7
tracking,7
severe,7
destructive,7
marriage,7
fascinating,7
involves,7
vegetarian,7
metres,7
rising,7
diapauses,7
evolutionary,7
rushed,7
shadow,7
tomato,7
nutrients,7
subsoil,7
fuels,7
gasoline,7
windows,7
mangrove,7
taylor,7
introduced,7
rome,7
mothers,7
junior,7
fellow,7
alicia,7
relevant,7
compare,7
hepburn,7
agency,7
jones,7
resist,7
restricted,7
trap,7
salad,7
campsite,7
antique,7
observed,6
attached,6
match,6
standard,6
blessing,6
properly,6
amounts,6
quarter,6
delivering,6
financially,6
august,6
authors,6
series,6
tales,6
importantly,6
differently,6
shouldn,6
whom,6
emails,6
enemy,6
thread,6
branch,6
speaking,6
destroy,6
extreme,6
traveled,6
delivered,6
intention,6
unlike,6
invented,6
enjoying,6
assistant,6
sixth,6
union,6
smart,6
anyway,6
puts,6
hesitate,6
curious,6
bored,6
experiencing,6
signs,6
fiction,6
strategy,6
achievement,6
writes,6
aspects,6
lake,6
foot,6
nowadays,6
dependent,6
identity,6
condition,6
receiving,6
whenever,6
response,6
fees,6
preferred,6
wood,6
professional,6
swimming,6
confident,6
mankind,6
supposedly,6
significant,6
paintings,6
greatly,6
badly,6
persuade,6
spare,6
affected,6
appreciated,6
proud,6
doubtful,6
youth,6
contest,6
celebrated,6
memory,6
reply,6
july,6
stone,6
seeds,6
protein,6
antioxidants,6
thick,6
container,6
textbook,6
teen,6
hopeful,6
lift,6
smartphones,6
carducci,6
dunn,6
belonging,6
focusing,6
relief,6
heavier,6
stared,6
fighting,6
shaking,6
guided,6
cattle,6
creates,6
addams,6
connor,6
arizona,6
native,6
regard,6
responded,6
cells,6
conscious,6
meant,6
empty,6
parties,6
authority,6
careful,6
bridge,6
employers,6
chengdu,6
lively,6
hopes,6
favor,6
application,6
moral,6
attach,6
numbers,6
political,6
describes,6
reputation,6
france,6
steven,6
garbage,6
praise,6
supply,6
collect,6
watched,6
cook,6
visited,6
gather,6
admire,6
discover,6
expenses,6
graduated,6
pilot,6
exploration,6
crew,6
wilderness,6
downed,6
current,6
everyday,6
debate,6
electric,6
presents,6
monuments,6
reserve,6
household,6
materials,6
guest,6
paragraphs,6
function,6
entertainment,6
spaces,6
visual,6
walls,6
furniture,6
tables,6
ceilings,6
happening,6
grows,6
invest,6
alive,6
occasional,6
constant,6
admission,6
talks,6
devoted,6
consists,6
discourage,6
kitchen,6
fond,6
farms,6
admitted,6
recognition,6
switching,6
qualities,6
winning,6
patterns,6
georgia,6
agree,6
refuse,6
wander,6
elsewhere,6
stage,6
flooded,6
shepherd,6
pattern,6
gorilla,6
scream,6
mayor,6
composition,6
respected,6
confusion,6
conclude,6
welcomes,6
dome,6
constructed,6
tribute,6
uniform,6
mines,6
lincoln,6
closest,6
sadness,6
colleges,6
counselors,6
probable,6
insisted,6
moons,6
exactly,6
mars,6
proof,6
regarded,6
earnings,6
concept,6
ends,6
stable,6
observe,6
tiger,6
structure,6
massive,6
centimeters,6
boston,6
forced,6
massachusetts,6
jersey,6
destroyed,6
bringing,6
productive,6
cursive,6
scores,6
sentence,6
melting,6
plenty,6
taxes,6
shanghai,6
palace,6
bargh,6
perception,6
wire,6
conducted,6
cover,6
hundred,6
sale,6
concentrate,6
repeat,6
competitor,6
widespread,6
folk,6
creature,6
addition,6
layers,6
fossil,6
radio,6
aren,6
courses,6
volcano,6
credit,6
overtime,6
wakeup,6
surfaces,6
pipes,6
widely,6
shall,6
equal,6
targets,6
rivulus,6
sweets,6
review,6
infected,6
ended,6
fame,6
explained,6
imperfect,6
peers,6
songs,6
council,6
trick,6
ellen,6
degeneres,6
wiseman,6
count,6
seconds,6
counting,6
bleachers,6
baker,6
hollywood,6
wealth,6
victimization,6
rumors,6
mayan,6
forests,6
mice,6
ditch,6
astronauts,6
marker,6
cygnets,6
unhappiness,6
insect,6
institutions,6
preferences,6
tracks,6
historical,6
retriever,6
parasites,6
fairies,6
pretend,6
neighboring,5
placed,5
dressed,5
necessity,5
appreciate,5
fifteen,5
minimum,5
harry,5
potter,5
origin,5
accomplish,5
mornings,5
depend,5
eats,5
gaining,5
soldiers,5
grass,5
spider,5
heated,5
necessarily,5
woke,5
candy,5
figured,5
mail,5
hide,5
rewarded,5
jack,5
freedom,5
feels,5
laughing,5
skilled,5
rural,5
dependable,5
paris,5
cartoons,5
seeking,5
perform,5
promotes,5
scared,5
ignore,5
somehow,5
otherwise,5
hobby,5
satisfying,5
stealing,5
skating,5
accountant,5
gently,5
edges,5
perfectly,5
remotely,5
embarrassed,5
talented,5
artist,5
images,5
celebrate,5
hate,5
treated,5
cage,5
susan,5
confirm,5
combined,5
base,5
freezing,5
depending,5
dessert,5
decline,5
steep,5
remains,5
awkward,5
unnecessary,5
connect,5
deals,5
improves,5
calories,5
instructor,5
replied,5
battle,5
arguing,5
pity,5
switch,5
lakes,5
accounts,5
finds,5
recommendations,5
protecting,5
citizens,5
policymakers,5
dangers,5
politely,5
robinson,5
thirds,5
publisher,5
island,5
fights,5
somebody,5
stops,5
spanish,5
assist,5
codes,5
represent,5
arrive,5
abandoned,5
approaching,5
dozens,5
ambassador,5
ceremony,5
plus,5
permitted,5
introducing,5
explosion,5
selling,5
reader,5
thin,5
assume,5
reusable,5
replacing,5
neither,5
abundant,5
thrown,5
mine,5
raising,5
learnt,5
scene,5
pressed,5
trapping,5
trapped,5
correctly,5
cash,5
guard,5
sleeping,5
guys,5
faith,5
urge,5
polite,5
generous,5
drew,5
borrow,5
mile,5
runners,5
hurt,5
rockets,5
operating,5
adventures,5
moth,5
polyethylene,5
plastics,5
breakdown,5
chemical,5
newly,5
preparing,5
rent,5
operate,5
predict,5
assessment,5
sites,5
mexican,5
suitable,5
figure,5
rose,5
cycle,5
manage,5
hiking,5
forever,5
illegal,5
doctors,5
fifth,5
january,5
establish,5
diners,5
fine,5
crowds,5
ecosystems,5
pound,5
combination,5
mentions,5
investing,5
expand,5
behaviour,5
risks,5
cope,5
increasingly,5
jokes,5
responsibility,5
equipment,5
post,5
booking,5
promoters,5
donated,5
jazz,5
dollar,5
alternative,5
closely,5
depends,5
planets,5
repaired,5
football,5
tradition,5
pushed,5
conclusion,5
defend,5
protected,5
holker,5
discoveries,5
forming,5
shapes,5
donate,5
ball,5
totally,5
lunch,5
dennis,5
reasonable,5
wake,5
chest,5
textbooks,5
challenged,5
competitions,5
expecting,5
educational,5
barbara,5
dictionaries,5
judgment,5
discussed,5
complicated,5
opposite,5
hardest,5
statement,5
shortest,5
graduating,5
math,5
applying,5
pregnant,5
corner,5
wondering,5
crossed,5
existence,5
promoted,5
applies,5
sellers,5
varied,5
incredible,5
entry,5
flooding,5
cancellation,5
meteorologists,5
bomb,5
cyclone,5
atmospheric,5
maryland,5
caribou,5
roadways,5
warnings,5
dangerously,5
restored,5
vivid,5
organization,5
advantage,5
weaknesses,5
admiration,5
talents,5
enemies,5
continues,5
recorded,5
proved,5
ozone,5
region,5
rapidly,5
hibernation,5
shoes,5
sheet,5
christmas,5
mosque,5
rainfall,5
musical,5
item,5
olympic,5
individuals,5
nose,5
greenhouses,5
unhealthy,5
representative,5
beneath,5
groundwater,5
plays,5
countryside,5
charged,5
asphalt,5
dive,5
parttime,5
religion,5
scott,5
biologist,5
admirable,5
associations,5
traded,5
robbed,5
metal,5
legacy,5
sandy,5
weelden,5
nations,5
floating,5
interviewer,5
interview,5
escape,5
internal,5
peer,5
campgrounds,5
intellectual,5
pedestrian,5
peak,5
focuses,5
dinosaurs,5
capture,5
photographs,5
tested,5
executive,5
misuse,5
unicef,5
myths,5
visible,5
weapon,5
evolving,5
selection,5
mutations,5
digest,5
lifespan,5
engine,5
tank,5
thames,5
pitcher,5
meateating,5
fungal,5
warn,5
maxwell,5
boyfriend,5
consumer,5
unlimited,5
leftovers,5
wise,5
swiss,5
portable,5
smokers,5
smoking,5
critchley,5
microorganisms,5
needy,4
gestures,4
caring,4
dealing,4
finance,4
fascinated,4
rowling,4
jonathan,4
soul,4
intends,4
routine,4
achieving,4
succeed,4
recommended,4
determine,4
adjust,4
advised,4
champion,4
continued,4
branches,4
gathered,4
firstly,4
wasting,4
precious,4
secondly,4
educate,4
netherlands,4
unsure,4
doubted,4
sending,4
admired,4
successfully,4
personally,4
term,4
privileges,4
worries,4
babies,4
discuss,4
ending,4
connectivity,4
cable,4
laid,4
altogether,4
benefited,4
revolution,4
disadvantage,4
bandwidth,4
shuttle,4
february,4
determination,4
charles,4
drawn,4
killers,4
psychologist,4
falling,4
burnt,4
articles,4
initial,4
resource,4
anxiety,4
madam,4
beneficial,4
fairmont,4
languages,4
wilson,4
bookstore,4
tongue,4
teeth,4
singer,4
suffered,4
struggled,4
sensors,4
observing,4
monitor,4
gradually,4
collections,4
contemporary,4
manchester,4
painting,4
popularity,4
motivated,4
successes,4
achieved,4
basketball,4
knocked,4
fallen,4
cell,4
acted,4
mention,4
dislike,4
immediate,4
behalf,4
carers,4
select,4
indicate,4
columbia,4
fields,4
highest,4
cherries,4
cooling,4
shakes,4
ripe,4
remove,4
feeding,4
smell,4
nutrition,4
biology,4
brochure,4
session,4
tablets,4
purchased,4
southeast,4
chatted,4
productivity,4
peaceful,4
workout,4
burn,4
supposed,4
shore,4
unconscious,4
stranger,4
ashamed,4
applied,4
actual,4
chickens,4
pollute,4
globe,4
prevented,4
emission,4
rachel,4
carson,4
outstanding,4
pioneers,4
garza,4
suggesting,4
marian,4
reaction,4
volunteer,4
picked,4
kingdom,4
originally,4
replace,4
attempts,4
continuing,4
rude,4
nurses,4
interrupted,4
conversations,4
sentences,4
crash,4
checked,4
pandas,4
grateful,4
powered,4
silly,4
publication,4
removing,4
lasting,4
stein,4
trucks,4
makers,4
purchase,4
percentage,4
argue,4
hamburger,4
industrial,4
effectiveness,4
conduct,4
privacy,4
rules,4
pride,4
former,4
repeated,4
pushing,4
calling,4
hanging,4
boring,4
hopefully,4
dish,4
cooked,4
horses,4
headed,4
pine,4
autumn,4
kilometers,4
risked,4
bacteria,4
appointment,4
tonight,4
encouragement,4
informed,4
athletic,4
approached,4
medal,4
principles,4
leadership,4
hungry,4
mass,4
enzymes,4
evolved,4
agrees,4
creatures,4
packed,4
blocks,4
cheaper,4
management,4
traits,4
upset,4
presence,4
cherry,4
duration,4
smooth,4
route,4
museums,4
susanna,4
budget,4
matt,4
dislikes,4
minerals,4
desktop,4
greenhouse,4
designers,4
mirrors,4
changeable,4
yangtze,4
wish,4
raynor,4
savings,4
hikers,4
planned,4
symptoms,4
washed,4
thanksgiving,4
cloisters,4
colored,4
inventor,4
principle,4
classical,4
pizza,4
nyfc,4
doubled,4
qualified,4
greatest,4
broad,4
illustrate,4
fierce,4
advantages,4
websites,4
responses,4
comparing,4
cheating,4
musicians,4
dallas,4
district,4
efficient,4
consult,4
universe,4
display,4
wherever,4
defeat,4
mistake,4
sally,4
excuse,4
naming,4
sounds,4
wonders,4
charges,4
conveniences,4
rivers,4
killing,4
proven,4
preserve,4
promised,4
fund,4
theory,4
expresses,4
bridges,4
outdoors,4
practicing,4
unknown,4
unexpected,4
copied,4
sharing,4
relaxed,4
selected,4
unexpectedly,4
lowland,4
gorillas,4
king,4
expression,4
johnstown,4
classrooms,4
tempting,4
encouraging,4
withproper,4
relatively,4
suits,4
academically,4
umbrella,4
dragging,4
impressing,4
elca,4
fingers,4
bears,4
grandpa,4
informative,4
possibly,4
zone,4
fourth,4
imagination,4
fromlori,4
goler,4
itclear,4
recommending,4
yourbiggest,4
thousandsof,4
remotelylike,4
withthe,4
implication,4
sneeds,4
ismy,4
inrecruiting,4
acquiringnew,4
withinmonths,4
aladder,4
theaverage,4
eighteen,4
quotes,4
pattie,4
wayto,4
ajungle,4
whomight,4
blocked,4
externalbarriers,4
reentering,4
workforce,4
tocreate,4
dips,4
detours,4
greatviews,4
climbers,4
arestuck,4
butt,4
gyms,4
learningand,4
welfare,4
specialties,4
sometraining,4
somecareers,4
mayallow,4
theoretical,4
runstudies,4
inzoology,4
canteach,4
habitat,4
preservation,4
continuedsurvival,4
workwith,4
preserveanimals,4
threats,4
tothe,4
educationalfields,4
extinction,4
animalsare,4
asafe,4
specialtyfield,4
intensive,4
qualify,4
acertified,4
veterinarian,4
animalpractice,4
vets,4
farmanimals,4
exotic,4
zoosand,4
humanslove,4
meetthat,4
overseeing,4
tocreating,4
manyvolunteer,4
paralyzed,4
dumping,4
carolinas,4
swelling,4
tides,4
blast,4
underway,4
plunge,4
sundown,4
utility,4
issued,4
contacting,4
grid,4
twitter,4
canceled,4
flightaware,4
blasio,4
conference,4
cuomo,4
chris,4
christie,4
counties,4
deadly,4
earned,4
creativity,4
aimed,4
networks,4
hurting,4
sooner,4
compromise,4
legibility,4
fluency,4
traditionally,4
print,4
requirement,4
entirely,4
factors,4
threat,4
waters,4
causing,4
invade,4
inactive,4
wooden,4
northern,4
gorges,4
scenic,4
capable,4
argues,4
unaware,4
pharaoh,4
comparison,4
pierre,4
items,4
engineers,4
impatient,4
medals,4
karen,4
subordinate,4
voluntarily,4
gobies,4
mysterious,4
societies,4
exact,4
detect,4
attacked,4
samples,4
fixed,4
pulling,4
shake,4
humus,4
organic,4
practising,4
automatically,4
construct,4
pants,4
announced,4
crisis,4
grimsvotn,4
glacier,4
keeps,4
german,4
injuries,4
entering,4
mike,4
woodland,4
exchangers,4
remaining,4
misunderstood,4
teaches,4
surprisingly,4
features,4
prototype,4
lands,4
wright,4
wives,4
sticky,4
false,4
dirty,4
owned,4
remembering,4
monkeypox,4
isaksen,4
merchants,4
mediterranean,4
traders,4
practices,4
mere,4
undergraduate,4
ropes,4
dave,4
arlene,4
depression,4
reveal,4
brains,4
pretended,4
awards,4
blogs,4
innova,4
bloggers,4
sudden,4
shot,4
reintroducing,4
urges,4
pedestrians,4
fhwa,4
topped,4
sets,4
prizes,4
publishers,4
noble,4
announcement,4
shortened,4
sutton,4
doherty,4
context,4
leather,4
balcony,4
royalty,4
victims,4
drank,4
policy,4
frequency,4
attacks,4
kilometres,4
pole,4
harvard,4
depaulo,4
tricks,4
conserve,4
holland,4
wearing,4
handsome,4
rats,4
coopers,4
aboard,4
buckingham,4
warden,4
oxford,4
custom,4
christakis,4
spreads,4
lord,4
elgin,4
fastest,4
plug,4
panama,4
sighed,4
misfortunate,4
credits,4
scheme,4
alexander,4
hines,4
officials,4
relaxacisor,4
saver,4
timex,4
patek,4
philippe,4
handwritten,4
instant,4
workdays,4
florey,4
speechwriter,4
witch,4
wheels,4
hopelessness,4
relaxation,4
height,4
bras,4
basah,4
crescent,4
laptops,4
breast,4
cheese,4
mushrooms,4
emperor,4
rewrite,4
beaches,4
fails,4
slaves,4
fever,4
changeling,4
tsar,4
army,4
alfred,4
sightedness,4
stockbroker,4
fault,4
poisons,4
gifted,4
flashlights,4
poverty,3
evident,3
amazed,3
reflects,3
eight,3
newspapers,3
reflecting,3
charity,3
readings,3
awake,3
academic,3
adolescence,3
uncertainty,3
decides,3
detailed,3
excuses,3
sister,3
approximately,3
roughly,3
arrives,3
checking,3
frequent,3
beaten,3
wound,3
thirty,3
examination,3
junk,3
mailboxes,3
tasty,3
wondered,3
forgot,3
entrance,3
apartment,3
backs,3
reality,3
discouraged,3
conflicts,3
shouts,3
enabling,3
republic,3
crossing,3
unpleasant,3
forth,3
aims,3
contributed,3
equality,3
unsafe,3
mary,3
portas,3
concluded,3
genes,3
gratitude,3
leisure,3
flow,3
classmate,3
fortunately,3
inspiration,3
improving,3
avoiding,3
lancaster,3
host,3
soap,3
advertisements,3
meters,3
waitress,3
satisfy,3
speakers,3
creamy,3
drinks,3
coat,3
throat,3
foolish,3
advise,3
lifetime,3
goethe,3
centuries,3
translator,3
senses,3
galleries,3
artists,3
corridors,3
studio,3
audience,3
overlook,3
accomplished,3
relaxing,3
birthday,3
grades,3
dove,3
perseverance,3
wished,3
weaker,3
celebration,3
colourful,3
nutritional,3
yellow,3
peaches,3
sweeter,3
juicer,3
respectively,3
concerns,3
infrequent,3
aside,3
approaches,3
supports,3
reports,3
airplane,3
deeply,3
interaction,3
interactions,3
raises,3
formal,3
physically,3
calorie,3
slept,3
ruin,3
alarm,3
violently,3
honored,3
coincidence,3
pigs,3
runoff,3
decreased,3
reservoirs,3
ministry,3
juergen,3
voegele,3
oceans,3
sandra,3
deciding,3
rosa,3
passenger,3
educated,3
texas,3
grandchildren,3
courier,3
providence,3
newark,3
collector,3
operation,3
viewed,3
instructions,3
elder,3
meanings,3
implies,3
agencies,3
elephant,3
spell,3
hidden,3
steam,3
disabled,3
confirmed,3
parking,3
apart,3
forbidden,3
consideration,3
patience,3
millionaires,3
fancy,3
tomorrow,3
bottle,3
resume,3
plain,3
audiences,3
wave,3
ambition,3
birth,3
litter,3
banned,3
someday,3
recycle,3
material,3
michigan,3
rolling,3
shaped,3
imagined,3
friedman,3
technologies,3
travelling,3
overall,3
respecting,3
belongs,3
considerate,3
performing,3
burden,3
plane,3
airport,3
sons,3
frogs,3
riding,3
horse,3
rocks,3
button,3
pressing,3
effectively,3
spotting,3
beside,3
penny,3
unbelievable,3
proves,3
deserves,3
parcel,3
cared,3
waving,3
minded,3
funny,3
professions,3
wanting,3
astronaut,3
flying,3
teamwork,3
landfills,3
stomachs,3
mixture,3
worm,3
debruyn,3
enzyme,3
individual,3
tolerate,3
journeys,3
leads,3
appealing,3
employed,3
sympathetic,3
examine,3
triggering,3
acts,3
tours,3
blossom,3
memorials,3
mall,3
shares,3
congress,3
equipped,3
sofa,3
follows,3
viewers,3
babbitt,3
tracked,3
doubling,3
upgrade,3
grasp,3
spots,3
pays,3
timetable,3
concert,3
tools,3
sufficient,3
keen,3
desired,3
meanwhile,3
bodies,3
cure,3
blank,3
concerts,3
dating,3
opens,3
sells,3
roze,3
chain,3
dining,3
scholars,3
scent,3
harvesting,3
established,3
ensure,3
feature,3
vital,3
warned,3
measure,3
approval,3
commissioner,3
longfield,3
usage,3
damaging,3
brilliant,3
adequate,3
theater,3
overlooked,3
folks,3
season,3
sector,3
rating,3
tasted,3
reference,3
joan,3
diving,3
outer,3
purse,3
teams,3
leader,3
claim,3
practiced,3
calmly,3
upstairs,3
stuff,3
journalist,3
puzzled,3
artwork,3
blind,3
numb,3
complaining,3
block,3
destination,3
distant,3
sensations,3
accuracy,3
trains,3
tourist,3
towns,3
overnight,3
geographical,3
referred,3
elements,3
existed,3
theories,3
harmony,3
iowa,3
spirits,3
beating,3
convincing,3
reminding,3
predicted,3
accompanied,3
screaming,3
loud,3
noise,3
beats,3
confront,3
correcting,3
unfair,3
suggestions,3
diabetes,3
tempted,3
comfort,3
stressed,3
recall,3
hobbies,3
wishes,3
nursing,3
teachings,3
failures,3
cooperation,3
questioningthe,3
infact,3
mainnecessities,3
notsurprisingly,3
exoplanets,3
planetary,3
wasannounced,3
exoplanetsorbiting,3
ultra,3
shots,3
findingpossible,3
titanis,3
saturn,3
couldpotentially,3
harbor,3
doesnot,3
habitable,3
titanhas,3
onthis,3
europais,3
jupiter,3
candidatedue,3
thenecessities,3
chemicalbuild,3
thered,3
aboutpotential,3
candidates,3
humancolonization,3
onmars,3
weknow,3
lifethat,3
bemicroscopic,3
celestial,3
exists,3
manner,3
employee,3
volunteers,3
measures,3
heating,3
hasn,3
fifty,3
whispered,3
schedule,3
believing,3
loudly,3
applauded,3
comments,3
release,3
tackle,3
strike,3
chat,3
basically,3
journal,3
participants,3
catharine,3
gale,3
clever,3
closes,3
contributing,3
reduction,3
johnson,3
warmer,3
swept,3
possessions,3
covers,3
accommodation,3
ship,3
terracotta,3
warriors,3
goose,3
pagoda,3
wellknown,3
square,3
temple,3
harlow,3
describing,3
briefly,3
handful,3
counter,3
beef,3
reminded,3
cruel,3
rainforest,3
equally,3
destroying,3
examined,3
charging,3
exhibit,3
listing,3
overcome,3
suggestion,3
specialists,3
diary,3
australian,3
females,3
comment,3
distance,3
loads,3
bone,3
represents,3
particles,3
rotten,3
stones,3
neutral,3
coal,3
acid,3
novelist,3
inner,3
practise,3
adviser,3
automatic,3
guns,3
laser,3
sigh,3
gloves,3
toes,3
relate,3
hocking,3
volcanic,3
eruption,3
atlantic,3
planes,3
funding,3
critics,3
argued,3
fines,3
lorries,3
overseas,3
deposit,3
punishment,3
explanation,3
glasses,3
roommates,3
paths,3
sheep,3
flat,3
pumped,3
depth,3
pipe,3
insist,3
clam,3
clark,3
county,3
designing,3
assess,3
stands,3
requirements,3
doubts,3
impractical,3
questionable,3
guatemala,3
reuters,3
belize,3
brazil,3
inches,3
breathe,3
lungfish,3
patricia,3
longest,3
carrots,3
virus,3
colds,3
tooth,3
grains,3
rival,3
master,3
recite,3
allowing,3
infect,3
pathways,3
james,3
maurice,3
cancer,3
thanked,3
cornell,3
papers,3
sees,3
fusses,3
hatch,3
cooper,3
preferable,3
speaks,3
translation,3
occur,3
judges,3
blog,3
guidelines,3
gentle,3
islands,3
researches,3
generates,3
song,3
downloaded,3
alarmed,3
administration,3
advises,3
nhtsa,3
laboratories,3
lego,3
intentions,3
thousanddollar,3
strongly,3
legendary,3
unicorns,3
poison,3
contents,3
rhino,3
hiding,3
monfre,3
mysteries,3
calldown,3
wnbl,3
secrets,3
oprah,3
winfrey,3
tale,3
proverbs,3
identified,3
tricky,3
june,3
yearold,3
chosen,3
holds,3
jeff,3
drunk,3
offenders,3
drunkenness,3
threatening,3
actress,3
ballerina,3
gigi,3
broadway,3
goodwill,3
dispel,3
eris,3
barcelona,3
laughed,3
shoulder,3
bella,3
santa,3
spouse,3
steepness,3
exports,3
hoped,3
wore,3
wears,3
yale,3
govern,3
restriction,3
weindruch,3
resistance,3
expert,3
strains,3
cylinders,3
pistons,3
uttar,3
pradesh,3
dieselpowered,3
zenia,3
tata,3
diesel,3
kentucky,3
drag,3
yards,3
shrapnel,3
sweat,3
edeen,3
para,3
measuring,3
medieval,3
banquets,3
essential,3
patch,3
fowler,3
fits,3
athens,3
ottoman,3
insights,3
greece,3
bladderworts,3
traps,3
actively,3
approved,3
brand,3
salary,3
typically,3
masculine,3
preference,3
checkbook,3
selfeducation,3
covering,3
distributor,3
queensland,3
discount,3
exchange,3
super,3
ipod,3
breitling,3
ridiculous,3
rolexes,3
trunk,3
roaring,3
fridge,3
biographer,3
advocate,3
morgan,3
politics,3
congressman,3
clinton,3
broomstick,3
haystack,3
pretending,3
ritchie,3
carpet,3
fitted,3
tyres,3
tyre,3
fitzsimons,3
conjured,3
envelope,3
ceiling,3
generalized,3
raffles,3
mystery,3
piccadilly,3
circus,3
homesick,3
purposes,3
misconceptions,3
ethnocentrism,3
chocolate,3
paddington,3
eggs,3
sandwich,3
mission,3
historians,3
shipping,3
airconditioning,3
viti,3
levu,3
religious,3
organize,3
tucson,3
feared,3
clothing,3
stafford,3
yawning,3
hugo,3
synchronise,3
outcomes,3
passwords,3
unaffected,3
mosquitoes,3
torrance,3
pale,3
ballmer,3
serf,3
illustrations,3
koalas,3
poisoned,3
surfer,3
marissa,3
cups,2
confusing,2
dignity,2
enters,2
generosity,2
orders,2
interviewed,2
exceptions,2
actors,2
wage,2
carrie,2
conferences,2
attended,2
summers,2
solutions,2
beautifully,2
connection,2
discussions,2
claimed,2
flew,2
realistic,2
skies,2
lottery,2
frustrations,2
alternatives,2
commit,2
mailbox,2
corners,2
inbox,2
ofthe,2
feeds,2
addictive,2
bravely,2
seventh,2
smashed,2
possibilities,2
bars,2
anonymous,2
bounced,2
endless,2
smoothly,2
transporting,2
wounded,2
communicating,2
deserve,2
reacting,2
naturally,2
laughter,2
enables,2
depressing,2
promises,2
backward,2
divide,2
bedeviled,2
coastal,2
links,2
democratic,2
africans,2
skewed,2
capacity,2
stretching,2
onward,2
troubled,2
inexpensive,2
accessible,2
implied,2
tony,2
jordan,2
inspect,2
stephen,2
overcoming,2
gods,2
martin,2
daniel,2
lowest,2
pursue,2
skates,2
breads,2
engaged,2
exposed,2
astonishing,2
inspiring,2
posting,2
moreover,2
sorrow,2
wonderfully,2
weakest,2
hearing,2
participate,2
accountants,2
certificate,2
salesclerk,2
taller,2
saliva,2
bite,2
meantime,2
pools,2
whispering,2
shining,2
lifelong,2
barks,2
whimpers,2
furry,2
carolina,2
miracle,2
reads,2
roberts,2
posture,2
vocabulary,2
dreaming,2
translate,2
realizing,2
nationwide,2
soften,2
northeastern,2
exhibitions,2
exhibition,2
visitor,2
onto,2
brick,2
decorate,2
enterprise,2
enjoys,2
mindful,2
classmates,2
gotten,2
clearer,2
desperate,2
resting,2
calligraphy,2
exhausted,2
league,2
parade,2
fireworks,2
battlefields,2
potty,2
abundance,2
jewels,2
powerhouses,2
strawberries,2
raspberries,2
zinc,2
blueberries,2
carotenoids,2
cares,2
slices,2
containers,2
freeze,2
squeeze,2
ripeness,2
freezer,2
sliced,2
ripening,2
proportion,2
declined,2
counsel,2
serving,2
lists,2
loom,2
compromised,2
conversational,2
invaluable,2
dismissing,2
grease,2
bernardo,2
shyness,2
indiana,2
associate,2
server,2
peripheral,2
addiction,2
inappropriate,2
behaviours,2
absence,2
impatience,2
relating,2
counts,2
exercising,2
metabolism,2
exercised,2
energizes,2
energized,2
emailed,2
kayakers,2
kayak,2
linking,2
ambulance,2
delight,2
thrilled,2
bathed,2
sank,2
dived,2
appealed,2
hesitated,2
frankly,2
sadly,2
joked,2
pointed,2
listed,2
promoting,2
rejected,2
lovers,2
refused,2
statistics,2
obama,2
crosby,2
grandparent,2
sacrifices,2
strengthened,2
sympathetically,2
visits,2
sacrifice,2
abroad,2
donor,2
arranged,2
scheduled,2
potentially,2
provider,2
delivery,2
varies,2
listener,2
healing,2
russians,2
treating,2
silver,2
cryptography,2
alphabet,2
extinguisher,2
personnel,2
neck,2
duty,2
passengers,2
explode,2
slip,2
hotels,2
honour,2
panda,2
permit,2
rescued,2
steady,2
jenkins,2
officially,2
steadily,2
thankful,2
stages,2
beloved,2
mona,2
victorian,2
walks,2
anniversary,2
highways,2
argument,2
bans,2
ugly,2
headaches,2
ford,2
henry,2
roadside,2
diner,2
represented,2
worlds,2
petrol,2
garage,2
disaster,2
export,2
currency,2
neat,2
supermarket,2
noon,2
sideline,2
mattered,2
troublesome,2
westerners,2
adds,2
weigh,2
albuquerque,2
tina,2
dawn,2
cowboy,2
blanket,2
dishes,2
cakes,2
railways,2
unattended,2
temptation,2
remarkable,2
parked,2
carol,2
lawrence,2
glasgow,2
pair,2
sorts,2
commented,2
partner,2
policeman,2
amused,2
breath,2
ankle,2
starving,2
sounding,2
shame,2
labels,2
amuse,2
employment,2
merit,2
badges,2
simulated,2
cockpit,2
simulators,2
oursac,2
trainee,2
winds,2
spain,2
commercial,2
bertocchini,2
tennessee,2
employ,2
consume,2
permits,2
jams,2
options,2
entertain,2
convenience,2
hailing,2
technological,2
disapproving,2
tolerance,2
temporary,2
helmet,2
bottled,2
locals,2
presidents,2
bikes,2
cycling,2
maps,2
cameras,2
reid,2
tight,2
chef,2
tebbutt,2
recipes,2
takeaway,2
portion,2
vast,2
expense,2
embarrassing,2
invites,2
intend,2
summarize,2
balancing,2
worn,2
wallets,2
grouped,2
players,2
accumulated,2
planted,2
monitors,2
tablet,2
update,2
fundamental,2
medium,2
tiring,2
colorful,2
commitment,2
boat,2
belt,2
analysts,2
exceeded,2
kidding,2
acquisition,2
assumption,2
appreciation,2
laugh,2
lawyers,2
boiled,2
noodles,2
winns,2
muscles,2
fried,2
torn,2
rail,2
disappointing,2
temporarily,2
consequently,2
metropolitan,2
entrances,2
sculpture,2
plates,2
lighting,2
berlin,2
crowding,2
misunderstandings,2
unlikely,2
coalition,2
harvest,2
secure,2
agricultural,2
reform,2
policies,2
diverse,2
backgrounds,2
debated,2
hire,2
tremendous,2
platforms,2
demands,2
expanded,2
hugely,2
emotionally,2
involving,2
compulsory,2
friendliness,2
forbid,2
judged,2
agents,2
ripple,2
bishop,2
location,2
performances,2
renewed,2
spends,2
programming,2
returns,2
fares,2
channel,2
interestingly,2
influences,2
backpack,2
awarded,2
whoever,2
wash,2
coach,2
defeated,2
regret,2
leaders,2
partners,2
honestly,2
nosy,2
curiosity,2
sharply,2
disliked,2
mistook,2
lacked,2
answering,2
unclear,2
awakening,2
rocky,2
mountain,2
knee,2
watchers,2
encountered,2
frame,2
convey,2
observation,2
arriving,2
nearest,2
airports,2
opening,2
recipe,2
gardening,2
tourism,2
chief,2
pritzker,2
xiangshan,2
architectural,2
hills,2
bricks,2
roofs,2
creation,2
misunderstanding,2
artificial,2
relying,2
belongings,2
kindergarten,2
florida,2
dances,2
mistaken,2
overjoyed,2
lindsey,2
touching,2
translated,2
informing,2
exchanging,2
bearing,2
astonished,2
nowhere,2
lungs,2
screams,2
ducking,2
mireya,2
apes,2
unaggressive,2
reminder,2
loudest,2
pizzas,2
leakage,2
anyhow,2
marking,2
compositions,2
exemplify,2
prejudiced,2
sues,2
conducting,2
deceived,2
merchandising,2
dispose,2
pittsburgh,2
utilizes,2
bulbs,2
refrigerators,2
conventional,2
amply,2
conditioned,2
technique,2
redistributing,2
pitt,2
emit,2
hottest,2
prospect,2
spite,2
opposing,2
disposing,2
disposed,2
manufactures,2
assembles,2
lowers,2
index,2
waist,2
stroke,2
apnea,2
overhaul,2
brushing,2
discouraging,2
youcan,2
healthyweight,2
badbd,2
ccbaa,2
ddbcc,2
bbabc,2
neglecting,2
neglect,2
thegraduates,2
broaden,2
horizons,2
stopping,2
efficiency,2
womanish,2
solves,2
liberal,2
aspect,2
determining,2
crossroads,2
foreigner,2
treasured,2
headmaster,2
handcrafts,2
eagle,2
landing,2
christian,2
knot,2
southwestern,2
polar,2
eskimos,2
horrible,2
survived,2
technician,2
searched,2
permissions,2
faebd,2
yucai,2
sincere,2
knots,2
generously,2
jobless,2
researching,2
cages,2
dramatically,2
incorrect,2
residents,2
simplest,2
wealthy,2
arguments,2
topics,2
noah,2
moments,2
request,2
referring,2
debating,2
competing,2
magical,2
church,2
spoke,2
coco,2
disney,2
muertos,2
miguel,2
flower,2
smartphone,2
schoolwork,2
guidance,2
strengths,2
deliver,2
expectations,2
admiring,2
spectacular,2
crosses,2
spoil,2
headon,2
conceited,2
nerve,2
tinged,2
friendand,2
instruction,2
periods,2
masters,2
commonly,2
onefourth,2
graham,2
vanderbilt,2
connects,2
guess,2
spokeswoman,2
administers,2
unreadable,2
southampton,2
obesity,2
rates,2
adjusting,2
reflected,2
frankie,2
phillips,2
belong,2
cuts,2
antarctic,2
warmed,2
paradoxically,2
resulting,2
seas,2
colder,2
ocean,2
flowing,2
thinning,2
melt,2
facing,2
wintry,2
survive,2
crowd,2
underground,2
sunlight,2
shut,2
blooded,2
degrees,2
cracks,2
relations,2
midday,2
amiss,2
camped,2
floods,2
straw,2
sample,2
shikumen,2
chongqing,2
lovely,2
dynasty,2
shaanxi,2
provincial,2
muslim,2
iced,2
prevents,2
classic,2
cloth,2
caregivers,2
judgments,2
perceptions,2
hypotheses,2
abstract,2
egypt,2
runner,2
misfortune,2
peanut,2
butter,2
sandwiches,2
picnic,2
basket,2
greyhound,2
headcutting,2
unsympathetic,2
toast,2
merrily,2
upcoming,2
begun,2
practically,2
crashes,2
lonely,2
mood,2
antics,2
redgrave,2
pickering,2
distractions,2
tense,2
silently,2
achievements,2
wong,2
maintain,2
precise,2
separation,2
evicted,2
feast,2
threaten,2
voluntary,2
fatter,2
compass,2
string,2
tied,2
ought,2
enclosed,2
cucumber,2
pepper,2
punch,2
purdue,2
plows,2
boats,2
treasures,2
spiritual,2
ceremonies,2
heavy,2
upper,2
lighter,2
enrich,2
weathered,2
disappeared,2
collects,2
flows,2
pulls,2
reaches,2
percolate,2
carries,2
acidic,2
acidity,2
gases,2
released,2
partially,2
tends,2
cleaned,2
separating,2
merely,2
purposeful,2
distinction,2
fuelling,2
workings,2
painstaking,2
delays,2
automatizing,2
performed,2
smallest,2
establishing,2
hardwired,2
amtoy,2
francisco,2
complain,2
finlayson,2
hamilton,2
wool,2
handmedown,2
motherly,2
grace,2
spokesman,2
beath,2
departments,2
majors,2
funds,2
arise,2
attracting,2
iceland,2
volcanoes,2
lava,2
cloud,2
geography,2
seats,2
funded,2
burnham,2
cautious,2
criticised,2
pensioners,2
ninetyfive,2
mondays,2
attending,2
supporters,2
involve,2
deposits,2
guilty,2
polish,2
slight,2
lorry,2
ignoring,2
registered,2
speeding,2
introduction,2
fined,2
jackets,2
booklet,2
lifeplanning,2
workshop,2
bedroom,2
babysitter,2
evenings,2
gayle,2
moore,2
skiing,2
favourite,2
horsedrawn,2
sleigh,2
pleasures,2
louise,2
backcountry,2
skis,2
snowshoes,2
wolf,2
resort,2
editors,2
dogsledding,2
advertise,2
absorb,2
specially,2
arian,2
bondt,2
relies,2
aquifer,2
returning,2
vegas,2
chairs,2
appearing,2
realities,2
site,2
orientation,2
progressive,2
greendesign,2
ecofriendly,2
cheers,2
swamps,2
americas,2
logs,2
endangered,2
nuts,2
prefers,2
garlic,2
sugars,2
develops,2
coleford,2
lawyer,2
sides,2
bookshop,2
gazed,2
edition,2
glanced,2
wrapped,2
rivals,2
dylans,2
dictionary,2
admitting,2
mental,2
infections,2
infectious,2
deserts,2
battles,2
romans,2
apple,2
diplomacy,2
meets,2
francis,2
rosalind,2
historian,2
inspection,2
bend,2
abiram,2
solving,2
discovering,2
nonscience,2
definitions,2
poem,2
enjoyable,2
jeans,2
anywhere,2
twoway,2
shenzhen,2
sinoindian,2
fairly,2
fuss,2
gerrie,2
cafeteria,2
joining,2
alto,2
routinely,2
extraordinary,2
kirchoff,2
cheerful,2
plaza,2
seaside,2
sweep,2
jobweb,2
plot,2
subtle,2
bonding,2
conditioning,2
husbands,2
basics,2
tastes,2
twenties,2
tries,2
inferring,2
explanations,2
englishes,2
bothered,2
imperfectly,2
essence,2
rhythms,2
patiently,2
sends,2
themes,2
singlish,2
lianhe,2
zaobao,2
teacherincharge,2
saint,2
mather,2
storms,2
purposely,2
wellbeing,2
landscape,2
mountainous,2
imported,2
illegally,2
parrot,2
dying,2
caged,2
normally,2
weaken,2
inventors,2
overweight,2
crosswalk,2
breeze,2
incomparable,2
finishing,2
touches,2
progressed,2
dawned,2
camera,2
exploded,2
aptitude,2
manuscript,2
delayed,2
kristi,2
holl,2
preparation,2
descriptions,2
oryx,2
logo,2
unicorntrappers,2
beast,2
drinkingcup,2
medicinal,2
properties,2
georgetown,2
irish,2
entertaining,2
rsvp,2
enzoology,2
fossils,2
uncover,2
procedures,2
outlined,2
staffed,2
emergencies,2
corg,2
storyteller,2
generalize,2
intense,2
billionaire,2
command,2
glitters,2
conquers,2
quoted,2
fooled,2
renovations,2
trindle,2
cheering,2
retirement,2
greet,2
transported,2
permanent,2
standards,2
enormous,2
contributions,2
begrudge,2
outset,2
laughs,2
venture,2
judy,2
garland,2
firstclass,2
unreal,2
deeds,2
hitting,2
adolescents,2
drinkers,2
ordination,2
isolation,2
roman,2
roles,2
loyalty,2
germany,2
fueled,2
sony,2
theaters,2
milliondollar,2
nibiru,2
astronomers,2
asteroids,2
romantic,2
rumor,2
pose,2
birthplace,2
hillwalkers,2
vault,2
javelin,2
putt,2
roll,2
fencing,2
selfhelp,2
prolong,2
sociology,2
virginia,2
estimates,2
roberto,2
overvalued,2
racial,2
educators,2
skillful,2
meetings,2
headache,2
chemist,2
planting,2
rule,2
suit,2
addict,2
khaki,2
conservative,2
strauss,2
impress,2
exception,2
anthropologist,2
wisconsin,2
madison,2
gene,2
variations,2
fitter,2
mcallister,2
arnold,2
schwarzenegger,2
douglas,2
ewbank,2
indicating,2
imply,2
lowercalorie,2
slowdown,2
similarly,2
publicized,2
dietary,2
felipe,2
sierra,2
distinct,2
barnes,2
treadles,2
acumen,2
zambia,2
climbed,2
insists,2
contributes,2
heroes,2
condenses,2
exhaled,2
barratt,2
moves,2
vapor,2
gallons,2
purification,2
tsunami,2
recycles,2
upping,2
census,2
announcing,2
uniforms,2
owns,2
exercises,2
tributaries,2
soughtafter,2
feasts,2
fishing,2
unchanged,2
sits,2
patches,2
likelihood,2
goddess,2
athena,2
empire,2
artistic,2
trends,2
acquired,2
trustees,2
considers,2
interconnected,2
civilization,2
stomach,2
pitchers,2
nectar,2
growths,2
digestive,2
dull,2
volt,2
regenerative,2
hightech,2
invention,2
threatened,2
sigatoka,2
roots,2
headquarters,2
fold,2
unforgettable,2
respectable,2
formally,2
electives,2
superior,2
adopting,2
definition,2
separated,2
chains,2
catering,2
inventiveness,2
debates,2
partnerships,2
openness,2
creator,2
creatively,2
lacking,2
socialized,2
biological,2
sextypical,2
feminine,2
stuffed,2
socialization,2
sociologists,2
investments,2
seminars,2
hometown,2
stairs,2
uncomfortably,2
rested,2
yelling,2
rails,2
screamed,2
regained,2
consciousness,2
pouring,2
downtown,2
lifting,2
earns,2
liverpool,2
computing,2
slim,2
electrical,2
brisbane,2
fridays,2
fare,2
ferries,2
prepaid,2
savers,2
ticking,2
wrists,2
brands,2
rolex,2
reinvented,2
satisfaction,2
drives,2
ongoing,2
useless,2
sustainability,2
regarding,2
editorial,2
computerization,2
informal,2
signed,2
expressive,2
handwritings,2
italy,2
impossibly,2
recognizing,2
terry,2
speechwriting,2
donna,2
shalala,2
laundry,2
cackling,2
sooty,2
brompton,2
paused,2
split,2
inflated,2
squashed,2
slender,2
ellipse,2
critically,2
rocking,2
twisted,2
chewed,2
erasers,2
candies,2
announce,2
napkins,2
tidily,2
viewer,2
sailboat,2
certainty,2
posters,2
distracted,2
outline,2
fiercely,2
closing,2
deter,2
addicted,2
kings,2
rogers,2
hooked,2
behaviors,2
meyers,2
levy,2
tanner,2
unblocked,2
rounded,2
unofficial,2
selector,2
airbase,2
paya,2
lebar,2
singaporeans,2
switzerland,2
theft,2
erase,2
lock,2
understood,2
membership,2
slam,2
bacon,2
vegetable,2
onions,2
chickenfried,2
steak,2
decrease,2
coupled,2
egyptian,2
mummy,2
migration,2
eastwest,2
zhang,2
qian,2
afghanistan,2
persia,2
superpowers,2
glorious,2
eurasia,2
egyptians,2
extended,2
charger,2
unbelievably,2
mentalese,2
expressing,2
repeatedly,2
threads,2
loving,2
scientifically,2
reassuring,2
embarrassment,2
smelling,2
tipping,2
greenland,2
sydney,2
suva,2
vatoa,2
seasons,2
root,2
landowner,2
biting,2
campsites,2
daytime,2
till,2
boundaries,2
strengthen,2
flexible,2
truant,2
daylightsaving,2
youngest,2
bitter,2
boyfriends,2
fathers,2
actresses,2
tendency,2
evil,2
advancing,2
webcam,2
occasionally,2
villagers,2
shadows,2
candles,2
stately,2
bravery,2
peacefulness,2
goodness,2
uncharged,2
contrast,2
error,2
multiply,2
parasite,2
outbreaks,2
populations,2
faithfully,2
mommy,2
lion,2
daddy,2
peacefully,2
unrecognizable,2
methods,2
seize,2
proverb,2
gulf,2
strictness,2
disappearing,2
wandering,2
volume,2
ranking,2
comer,2
explores,2
watercolor,2
charming,2
poems,2
understandable,2
jackie,2
koala,2
featherdale,2
asleep,2
korea,2
awful,2
remedy,2
seafood,2
poisonous,2
ethan,2
ccdba,2
abdab,2
abadc,2
mentally,2
wheelchair,2
swimmingly,2
palm,2
heroine,2
sidney,2
shark,2
fantasy,2
mouse,2
tension,2
misery,2
macaw,2
encounter,2
jewel,2
boarding,2
venice,1
occasions,1
gesture,1
seated,1
dustbin,1
affording,1
attaching,1
analyzing,1
londoners,1
logically,1
nineteen,1
maximum,1
waged,1
saturdays,1
impacted,1
flown,1
garp,1
applauding,1
gateway,1
presentations,1
latin,1
spells,1
adopt,1
detail,1
swift,1
chaucer,1
austin,1
criticized,1
freshmen,1
tiredly,1
resolution,1
concrete,1
devote,1
assuming,1
undoubted,1
emailmessages,1
potentialaddictions,1
tothink,1
theexpense,1
emailsevery,1
allrecognize,1
theinternet,1
isdoing,1
allocation,1
abrave,1
againand,1
thebattle,1
farmhousein,1
tobeat,1
sawa,1
weaving,1
asmall,1
sixtimes,1
spiderwould,1
andmore,1
thethread,1
thespider,1
atlast,1
viewpoints,1
cheats,1
benches,1
libraries,1
afterwards,1
cheeks,1
waved,1
handing,1
bench,1
puzzle,1
deserved,1
ming,1
chairman,1
hongxing,1
skillfully,1
wishing,1
breakup,1
smooths,1
breakthrough,1
coastline,1
landlocked,1
offshore,1
telecom,1
satellite,1
botswana,1
kenya,1
congo,1
multiple,1
borders,1
coverage,1
differs,1
unequal,1
compares,1
europeans,1
inequality,1
amounting,1
terabit,1
seventieth,1
underwater,1
contribute,1
worsened,1
controllable,1
comparable,1
narrowing,1
drama,1
dickensian,1
pieced,1
bucket,1
murder,1
terror,1
survivors,1
islamist,1
fanatics,1
crimes,1
witnesses,1
bertrand,1
russell,1
authentic,1
seligman,1
gilbert,1
stumbling,1
jackson,1
shifts,1
bitterness,1
ofcake,1
shestill,1
skated,1
tookoff,1
werefrozen,1
thatwasn,1
shesank,1
grab,1
criedout,1
dilnner,1
brunt,1
hurts,1
clicking,1
indolence,1
laziness,1
borrowing,1
keyboards,1
mails,1
faraway,1
clarify,1
lastly,1
kelly,1
triathlon,1
pains,1
populated,1
prelude,1
foots,1
waiters,1
waitresses,1
hundris,1
markers,1
salesclerks,1
chaving,1
knowforeign,1
universitygraduate,1
mouths,1
activating,1
slicing,1
juicy,1
sucking,1
sweetened,1
indoor,1
rinks,1
redder,1
willpower,1
comply,1
vocalizations,1
interpret,1
fido,1
banging,1
interprets,1
builds,1
vibration,1
motors,1
tapping,1
equals,1
relation,1
itis,1
transform,1
initiatives,1
wider,1
striking,1
playful,1
restful,1
courtyards,1
recovering,1
likecleaning,1
bigenough,1
lovethe,1
idon,1
getmotivated,1
reachedyour,1
thatyou,1
youmotivate,1
yoursuccesses,1
yourgoal,1
afteryou,1
useit,1
itwill,1
haveachieved,1
getto,1
heroesand,1
whenyou,1
whatyou,1
motivate,1
feelproud,1
properlytrain,1
sing,1
punish,1
exhaust,1
blade,1
upported,1
raft,1
drying,1
barefooted,1
thdat,1
participation,1
dependant,1
oneself,1
finalised,1
byron,1
sunshine,1
marie,1
curie,1
ladies,1
addans,1
shelters,1
stanford,1
senator,1
supreme,1
vote,1
montgomery,1
alabama,1
rasa,1
landed,1
prison,1
montgmery,1
boycott,1
lasted,1
discrimination,1
brownsville,1
mildred,1
antonio,1
chicago,1
granddaughters,1
fsst,1
christine,1
grate,1
manazine,1
raining,1
enabled,1
majority,1
lasr,1
hodes,1
packs,1
harvested,1
implanted,1
hurricane,1
rhode,1
urgently,1
plance,1
routed,1
consciously,1
silences,1
stubbornness,1
thai,1
udner,1
geivers,1
expericencing,1
unnecessarily,1
nurse,1
understands,1
pleases,1
lags,1
coded,1
eels,1
substitute,1
phrases,1
keyword,1
heroic,1
upside,1
shooting,1
brake,1
bursts,1
wrecked,1
touring,1
backstage,1
arrow,1
cute,1
acre,1
reporter,1
starvation,1
ambassadorial,1
duties,1
misty,1
bifengxia,1
twin,1
nursery,1
switches,1
suspects,1
quallty,1
format,1
stead,1
personals,1
employer,1
flame,1
finalized,1
gotin,1
whenhe,1
atbyron,1
insunshine,1
alittle,1
wasin,1
instructorson,1
theinstructors,1
wasunconscious,1
shis,1
andimmediately,1
andlater,1
tome,1
itwas,1
crusoe,1
professionally,1
printing,1
literacy,1
immoral,1
mourned,1
readership,1
oliver,1
twist,1
touchstones,1
greatness,1
unchallenged,1
pantheon,1
louvre,1
writings,1
rode,1
rewrote,1
singular,1
worthless,1
defending,1
checkouts,1
prohibited,1
angeles,1
eyeing,1
hiring,1
replacement,1
cancels,1
cotton,1
environmentalists,1
dispute,1
headwinds,1
hung,1
piquette,1
assembly,1
september,1
billboard,1
motel,1
interstate,1
herbert,1
hoover,1
transformed,1
ecological,1
excessive,1
thomas,1
shortage,1
ambiguous,1
tolerant,1
easiest,1
suffers,1
inviting,1
hereare,1
tine,1
coached,1
happend,1
urgency,1
jogging,1
demanding,1
filling,1
pecos,1
ryan,1
kyle,1
guestroom,1
aunt,1
graze,1
hose,1
hats,1
woven,1
ankles,1
laps,1
softball,1
wills,1
dreamt,1
sweating,1
shortly,1
shoe,1
laces,1
untied,1
readjust,1
questioned,1
final,1
worldly,1
acknowledge,1
halfway,1
owes,1
milligrams,1
chewing,1
paste,1
federica,1
beeswax,1
microbiologist,1
microbes,1
expects,1
propose,1
futurist,1
materializing,1
motor,1
cleared,1
taxi,1
transformation,1
regulated,1
rightfully,1
mobility,1
environmentally,1
worsen,1
urban,1
minibus,1
unwelcome,1
infrastructure,1
operations,1
commercially,1
liability,1
maintenance,1
ownership,1
advancement,1
affordably,1
affordability,1
fielded,1
pages,1
deadline,1
triggered,1
imbalances,1
conncct,1
competitiveness,1
occurrences,1
ignorance,1
outlooks,1
outbursts,1
comprehending,1
viewpoint,1
occurrence,1
trait,1
triggers,1
trigger,1
fgead,1
fantastic,1
availability,1
blossoms,1
cookies,1
newcomers,1
knowledgeable,1
riders,1
reflective,1
vests,1
grilling,1
nutritious,1
presenter,1
leant,1
finn,1
churros,1
flour,1
sugar,1
cheaply,1
footsteps,1
easter,1
transforms,1
buys,1
prepares,1
assists,1
outdated,1
newer,1
callie,1
rochester,1
mined,1
readout,1
defined,1
cathode,1
tubes,1
explored,1
electronics,1
pillows,1
baskets,1
sofas,1
bookshelves,1
floors,1
wallpaper,1
paint,1
relative,1
experimenting,1
badgf,1
investigate,1
imitate,1
innovate,1
systematic,1
exceed,1
exceeding,1
mailing,1
assignment,1
globally,1
reluctant,1
leaked,1
winn,1
diagnosed,1
failing,1
unaccustomed,1
hardship,1
tent,1
bath,1
strangely,1
nails,1
bare,1
mild,1
preventable,1
frightening,1
unpopular,1
lawful,1
funnier,1
rolled,1
bled,1
ached,1
trembled,1
initially,1
sewn,1
ironed,1
homelessness,1
neatly,1
loose,1
gallery,1
extensive,1
masterworks,1
october,1
mathurin,1
boasted,1
consomme,1
generated,1
instructive,1
hints,1
pasta,1
matched,1
cake,1
plate,1
darkness,1
fuller,1
mozart,1
scents,1
lavender,1
smelled,1
fled,1
keepers,1
overly,1
profitable,1
hong,1
kong,1
buffet,1
tastier,1
brighter,1
disturb,1
carmakers,1
responding,1
founder,1
innovations,1
transforming,1
greens,1
harvester,1
dysinger,1
loan,1
compete,1
fresher,1
crucial,1
investors,1
developers,1
owning,1
unattainable,1
regions,1
existent,1
citizenship,1
barrier,1
outnumbering,1
clumsily,1
immigration,1
ambitious,1
loans,1
famers,1
status,1
anne,1
firms,1
exposing,1
messaging,1
unrealistic,1
offline,1
spirited,1
incompetence,1
minefield,1
javed,1
khan,1
barnardo,1
appropriate,1
equip,1
adequately,1
registration,1
circulate,1
broader,1
communities,1
misleading,1
painters,1
photographers,1
advocacy,1
contractors,1
neighborhoods,1
reconstructing,1
studios,1
teco,1
theatrical,1
productions,1
bloomberg,1
philadelphia,1
metro,1
marketers,1
printers,1
joint,1
collective,1
promotion,1
analyses,1
economical,1
disadvantages,1
couldnt,1
cbacdabdac,1
abdadbbdcc,1
kate,1
passport,1
photograph,1
dancer,1
wins,1
whomever,1
random,1
washing,1
lily,1
baxley,1
kicking,1
losers,1
editing,1
consulting,1
coaching,1
cheer,1
learners,1
vacations,1
victory,1
thrills,1
individually,1
watercolorist,1
requested,1
sunny,1
sensed,1
braunfels,1
jolted,1
raced,1
staircase,1
forgive,1
splendid,1
gogh,1
picasso,1
painter,1
blowing,1
wildflowers,1
fascination,1
newness,1
distinctions,1
stimulation,1
relearning,1
predicting,1
occurs,1
chilly,1
unwillingly,1
obsession,1
spotted,1
ruby,1
crowned,1
kinglet,1
pressures,1
bent,1
destinations,1
unfold,1
sights,1
dimension,1
jumping,1
conclusions,1
surroundings,1
cbddb,1
aacba,1
cbdab,1
cbdad,1
approximale,1
windermere,1
kendal,1
cark,1
cartmel,1
carnforth,1
preston,1
disadvantaged,1
donation,1
gifs,1
cardens,1
port,1
suited,1
harbour,1
hudson,1
boom,1
unmapped,1
sailed,1
avalanche,1
necessities,1
depended,1
settling,1
canadian,1
settlers,1
favourable,1
cctv,1
tower,1
fruitful,1
citizen,1
hangzhou,1
zhejiang,1
province,1
creations,1
curves,1
tadao,1
ando,1
sealed,1
boxes,1
styles,1
recreation,1
hilly,1
recreate,1
rubber,1
universally,1
bouncing,1
throwing,1
absorbed,1
simplicity,1
madegeorgia,1
adding,1
asick,1
theauthor,1
asuitable,1
weddings,1
birthdays,1
adore,1
lester,1
calmer,1
andrea,1
hillier,1
reminds,1
singing,1
williams,1
congratulations,1
texts,1
grandmother,1
randomly,1
networking,1
printed,1
discussing,1
bother,1
agenda,1
simplified,1
clarified,1
aloud,1
leaning,1
exceedingly,1
rough,1
sketch,1
fabulous,1
ping,1
pong,1
intoxicated,1
cbacb,1
daccb,1
baacd,1
bcdba,1
candidate,1
passion,1
consequence,1
closure,1
classify,1
fluctuate,1
moderately,1
sonya,1
behrs,1
anna,1
karenina,1
howcan,1
inspirations,1
followingactions,1
tobelieve,1
nodding,1
aids,1
orphaned,1
qualification,1
objecting,1
rudely,1
gratefully,1
identifying,1
quarreling,1
numbing,1
consuming,1
factory,1
effortlessly,1
timelessly,1
aimlessly,1
tirelessly,1
wept,1
complained,1
frustrating,1
afterlife,1
pixar,1
masterpiece,1
animation,1
skeletons,1
petals,1
shrine,1
reveals,1
emptiness,1
flattery,1
elders,1
ceafg,1
cbabd,1
caabd,1
dbcad,1
abcdc,1
undoubtedly,1
scenery,1
appreciating,1
enriching,1
additionally,1
arduous,1
continual,1
professionalism,1
dedication,1
mould,1
fulfilled,1
industrious,1
pave,1
score,1
averaged,1
statistically,1
vocational,1
qualifications,1
coronary,1
dietetic,1
favorable,1
uncertain,1
rapid,1
gasses,1
faded,1
underneath,1
escaping,1
resulted,1
melts,1
contradictorily,1
currently,1
snack,1
creepy,1
crawly,1
critters,1
monarch,1
butterflies,1
climates,1
ants,1
colonies,1
storing,1
drops,1
fahrenheit,1
unnoticed,1
invading,1
rained,1
greeted,1
downstairs,1
plaster,1
damp,1
inconvenient,1
neighbours,1
reconstruction,1
affairs,1
flood,1
valued,1
inclusive,1
airfares,1
departure,1
visas,1
nanpu,1
pudong,1
xintiandi,1
huangpu,1
yichang,1
approx,1
sailing,1
lesser,1
shennong,1
peapod,1
historic,1
shui,1
jiao,1
tang,1
peking,1
duck,1
stroll,1
tiananmen,1
preserved,1
heaven,1
acrobatic,1
sensation,1
determiner,1
judging,1
trumping,1
rooted,1
conceptual,1
studics,1
universal,1
grounded,1
abstractly,1
alternatively,1
evaluation,1
prince,1
shades,1
outing,1
lightheartedly,1
weatherman,1
stupid,1
racing,1
breathlessly,1
professionals,1
advising,1
tone,1
receiver,1
cheerfully,1
traveler,1
fist,1
rainstorm,1
bear,1
bombs,1
bombarded,1
warmhearted,1
spreading,1
dipping,1
disasters,1
sections,1
reduces,1
medicines,1
shrinking,1
dvds,1
sporting,1
instruments,1
omidyar,1
tufts,1
skoll,1
whitman,1
buyer,1
seller,1
ephoto,1
eighty,1
fulfill,1
ephotos,1
cancelled,1
seized,1
tore,1
wires,1
yeah,1
wastebasket,1
speechless,1
doorway,1
kissed,1
honey,1
kiss,1
workload,1
suceess,1
wellorganized,1
kirsten,1
poet,1
overcame,1
happenings,1
devotion,1
selfconfidence,1
nonbreeding,1
restraining,1
fatten,1
preferring,1
subordinates,1
hierarchical,1
exclusive,1
intake,1
attractiveness,1
longterm,1
males,1
ideal,1
fattened,1
fought,1
willingly,1
entrusted,1
mapreading,1
vertically,1
plumb,1
pointing,1
compasses,1
reasoning,1
bees,1
sensor,1
visually,1
recognizes,1
chemically,1
analyze,1
holes,1
finetuning,1
natalia,1
dudareva,1
biochemist,1
lafayette,1
smells,1
distinguish,1
damages,1
plowing,1
southwest,1
lunar,1
riverbank,1
components,1
distinctive,1
texture,1
limiting,1
oxygen,1
frost,1
weathering,1
ponds,1
gravity,1
percolation,1
percolates,1
downward,1
dissolves,1
soils,1
burned,1
fertile,1
darker,1
dissolve,1
purified,1
geniuses,1
predictor,1
performers,1
craft,1
possessed,1
coincidentally,1
vision,1
insecurity,1
armed,1
errorfocused,1
internalize,1
feedback,1
tougher,1
redoing,1
possesses,1
laborious,1
underlines,1
neglected,1
genetics,1
capabilities,1
cultivating,1
decisive,1
acquires,1
perfomed,1
palmdale,1
boulevard,1
fresno,1
corporation,1
suite,1
transam,1
sirs,1
protest,1
specifically,1
immature,1
middleclass,1
impression,1
alma,1
hernandez,1
nonviolent,1
oppose,1
waves,1
complaint,1
recess,1
princess,1
ontario,1
matching,1
scarf,1
wiggling,1
joyless,1
offending,1
shoved,1
slowness,1
unwillingness,1
attributed,1
thirst,1
ucas,1
admissions,1
alevel,1
lecturer,1
andrews,1
firstyear,1
drawing,1
hash,1
jump,1
minority,1
zack,1
downturn,1
warmly,1
economists,1
stability,1
selecttion,1
heats,1
lifts,1
clouds,1
airplanes,1
engines,1
glasslike,1
ashcovered,1
crimsvotn,1
tens,1
taxpayers,1
andy,1
underprivileged,1
musicals,1
teaming,1
attendances,1
dominic,1
cooke,1
publicly,1
twoyear,1
yearolds,1
firstcome,1
firstserved,1
jeremy,1
hunt,1
enthusiastic,1
nogo,1
overcrowded,1
unreasonable,1
onthespot,1
crad,1
clamped,1
officers,1
foreiguregistered,1
britishregistered,1
checks,1
quarters,1
offence,1
offences,1
licenses,1
punished,1
pottery,1
ferndale,1
coats,1
cassette,1
tape,1
recorder,1
sheepskin,1
markings,1
linden,1
gregg,1
keys,1
tappan,1
intersection,1
puppy,1
packardjewett,1
occupations,1
sightseeing,1
publish,1
janet,1
margaret,1
atwood,1
roommate,1
thereafter,1
jill,1
lease,1
prompt,1
courteous,1
schoolage,1
receptionist,1
curtis,1
mutual,1
wages,1
sylvan,1
secondhand,1
arguably,1
snowboard,1
slopes,1
recreational,1
gondola,1
sulphur,1
bathe,1
mineral,1
driveyourownteam,1
sled,1
excursion,1
snowmobile,1
highland,1
displayed,1
chateau,1
matchless,1
cliffs,1
icefalls,1
canyons,1
bighorn,1
arouse,1
cougar,1
bdside,1
snowmobiling,1
memorable,1
travellers,1
breathtaking,1
persuaded,1
cooled,1
heatcollector,1
picks,1
stored,1
rearranged,1
cools,1
frees,1
moderation,1
manages,1
nevada,1
publiceducation,1
prototypes,1
vastness,1
mcginty,1
disbelief,1
burst,1
advanced,1
adapted,1
killifish,1
beer,1
cans,1
dries,1
brevard,1
marmoratus,1
catfish,1
guelph,1
transition,1
macular,1
degeneration,1
carrot,1
catching,1
sweels,1
believable,1
subjective,1
dissatisfied,1
boast,1
bookshops,1
honeymoon,1
deserted,1
drowned,1
unmistakable,1
trembling,1
bookends,1
bookstores,1
multimillionaire,1
pike,1
bookseller,1
booksellers,1
disappearance,1
envied,1
latter,1
wrapping,1
ambitions,1
lips,1
pronounce,1
vicki,1
cheng,1
reinforce,1
introductions,1
ours,1
midwest,1
homing,1
morse,1
preparedness,1
stricter,1
schantz,1
relay,1
prized,1
salt,1
apples,1
graft,1
grafting,1
figuring,1
bowden,1
cambridge,1
shone,1
xrays,1
molecule,1
rays,1
rockier,1
xray,1
angered,1
pnina,1
awarding,1
player,1
codiscoverer,1
aaron,1
klug,1
disagreements,1
labs,1
respectful,1
drawings,1
similarity,1
suitcase,1
thankfully,1
dutifully,1
packet,1
longjing,1
illnesses,1
minister,1
bangalore,1
curing,1
exchanges,1
beginner,1
settlement,1
tiredness,1
scarce,1
timely,1
lowell,1
thrived,1
distributed,1
cents,1
childlike,1
redirect,1
weekdays,1
lifeguards,1
swimmers,1
handshake,1
thankyou,1
onehour,1
weekday,1
easygoing,1
simultaneously,1
couch,1
potatoes,1
breaks,1
asks,1
psychiatrist,1
michael,1
lewis,1
bias,1
grunts,1
sociable,1
socially,1
maintains,1
housing,1
asthma,1
evoke,1
wholeness,1
speaker,1
sought,1
impolite,1
amusing,1
realizes,1
structured,1
limitation,1
brightest,1
supportive,1
succeeding,1
allpowerful,1
pointless,1
problemssomewhere,1
schoolboys,1
schoolboy,1
fullydesigned,1
postings,1
ranged,1
entries,1
proficiency,1
academics,1
singaporean,1
chow,1
blogger,1
christina,1
spared,1
podcasts,1
responsibilities,1
loves,1
fires,1
campfires,1
firewood,1
lightning,1
valleys,1
bitten,1
begged,1
zookeepers,1
behave,1
unoccupied,1
reintroduction,1
confiscated,1
border,1
bennett,1
collectables,1
biologists,1
founded,1
hayle,1
cornwall,1
reintroduced,1
manraised,1
adapt,1
dates,1
patent,1
recording,1
affecting,1
novelists,1
downloading,1
seniors,1
insurance,1
flashing,1
doug,1
hecox,1
healthconscious,1
fixing,1
topping,1
rebuilding,1
befriend,1
bounce,1
helplessness,1
flashbulbs,1
scholarship,1
robots,1
suspect,1
mildly,1
selfdoubt,1
authored,1
nationally,1
homestudy,1
oneonone,1
sadder,1
fades,1
bestsellers,1
editor,1
philosopher,1
aristotle,1
theorized,1
socalled,1
antelope,1
legend,1
attempting,1
magnificent,1
hunter,1
captured,1
hollowed,1
harmed,1
historically,1
symbol,1
quotation,1
rarest,1
lecture,1
tutors,1
disappoint,1
ring,1
eighth,1
strictly,1
explaining,1
dialect,1
parody,1
imagery,1
jewish,1
culturally,1
acceptance,1
daughters,1
storywriter,1
interviewee,1
answered,1
stump,1
rabbit,1
luckier,1
incense,1
divided,1
foreigners,1
rational,1
wisely,1
setbacks,1
conquer,1
locate,1
stirling,1
sizes,1
accurately,1
smarter,1
unblemished,1
license,1
teenage,1
positioned,1
respective,1
compartments,1
untouched,1
nathan,1
osborne,1
melanie,1
principal,1
mindi,1
vaughan,1
helen,1
stack,1
rodamar,1
korean,1
ellingson,1
lumber,1
smokey,1
hike,1
induced,1
prompting,1
regretted,1
glimpse,1
colorfully,1
idols,1
chauffeur,1
rollsroyces,1
helicopters,1
aeroplanes,1
entourage,1
bodyguards,1
comings,1
goings,1
inconveniences,1
unscheduled,1
appearances,1
shielded,1
adoring,1
idolize,1
calculated,1
entertainers,1
lavishly,1
adulation,1
alltime,1
excesses,1
gramophone,1
royalties,1
pops,1
salaries,1
sums,1
taxman,1
exchequer,1
envious,1
remarks,1
iceberg,1
pension,1
concentrated,1
payback,1
persevering,1
indifferent,1
idolizing,1
luxurious,1
secondclass,1
dishonest,1
anymore,1
cheat,1
cardiff,1
dentistry,1
surveyed,1
midlands,1
prevention,1
teachable,1
offend,1
belgium,1
holly,1
golightly,1
tiffany,1
eliza,1
doolittle,1
tireless,1
interviews,1
colon,1
heads,1
collides,1
accuse,1
denounced,1
hoax,1
factual,1
claims,1
questionandanswer,1
collision,1
naked,1
credible,1
associated,1
pluto,1
safely,1
coincide,1
afterward,1
forecast,1
negligible,1
comets,1
hits,1
intermet,1
prediction,1
panic,1
macleod,1
northwest,1
lately,1
forthcoming,1
ticketless,1
canny,1
workmen,1
heavyset,1
spear,1
presently,1
puzzlement,1
steel,1
heading,1
reappeared,1
tracksuit,1
barbed,1
casually,1
weapons,1
scottish,1
poorlyinformed,1
strongminded,1
quest,1
herbal,1
supplements,1
rebecca,1
adams,1
greensboro,1
baffles,1
profound,1
fitting,1
weighted,1
estimate,1
gerontology,1
tech,1
undervalued,1
consistent,1
della,1
graders,1
devotes,1
creators,1
educating,1
hinted,1
scatles,1
cliff,1
singers,1
wrinkled,1
necktie,1
consultant,1
maisly,1
levi,1
morale,1
welcomed,1
motivation,1
fertility,1
framingham,1
histories,1
shorter,1
hawks,1
sorriest,1
neanderthal,1
armwrestling,1
aborigines,1
usain,1
bolt,1
dash,1
pennsylvania,1
actor,1
healthday,1
slowed,1
caloric,1
demonstration,1
primate,1
inducing,1
atrophy,1
muscle,1
predicts,1
investigator,1
veterans,1
extends,1
deleterious,1
marianne,1
grant,1
dietitian,1
corpus,1
christi,1
pigging,1
norwegian,1
gunnar,1
locally,1
bamboo,1
lever,1
motion,1
operated,1
nonprofit,1
invests,1
manufacturers,1
seventythree,1
schooling,1
manufacturer,1
hates,1
enoueh,1
dusk,1
trucking,1
auto,1
louisville,1
detroit,1
sanders,1
load,1
tractors,1
forklifts,1
indianapolis,1
bore,1
backseat,1
bulk,1
crush,1
windshield,1
cabin,1
dashed,1
headfirst,1
pocketknife,1
sside,1
boot,1
freeing,1
ripped,1
gallon,1
tanks,1
risking,1
grafts,1
breathing,1
minor,1
burns,1
foundation,1
rescuing,1
clicked,1
toasted,1
sipping,1
stations,1
cargo,1
endeavour,1
threeman,1
congratulated,1
mouthful,1
deputy,1
leroy,1
cain,1
milestone,1
toilet,1
condensation,1
filters,1
distasteful,1
marybeth,1
purify,1
onger,1
watert,1
counted,1
assistance,1
christopher,1
perrins,1
barber,1
rowing,1
skiffs,1
scarlet,1
weighing,1
eccentric,1
sovereign,1
unmarked,1
mute,1
stretches,1
discarded,1
uppers,1
involvement,1
lasts,1
guarded,1
districts,1
spouses,1
relatives,1
happiest,1
fabric,1
humanity,1
quilt,1
differentcolored,1
sibling,1
thirddegree,1
cardiac,1
workmates,1
schoolmates,1
favour,1
prior,1
celebrating,1
virgin,1
athenians,1
sculptural,1
decoration,1
ruins,1
influencing,1
removal,1
breadth,1
reexamine,1
identities,1
unparalleled,1
representation,1
athenian,1
artistry,1
civilizations,1
pray,1
preserving,1
refuses,1
conservatory,1
pond,1
victim,1
fool,1
slide,1
slippery,1
slope,1
digested,1
fooling,1
hairlike,1
pollutants,1
automobile,1
recharged,1
brakes,1
braking,1
shuts,1
gear,1
pedal,1
ridden,1
flashes,1
waming,1
kicks,1
smoother,1
outlawed,1
existing,1
copies,1
fungus,1
organisms,1
anti,1
plantain,1
destroys,1
yield,1
tenth,1
bundle,1
gasped,1
tragedy,1
freak,1
blamed,1
emerged,1
diplomatic,1
casket,1
tenderly,1
stretched,1
reddish,1
gasp,1
newborn,1
taxis,1
highs,1
proposal,1
bachelor,1
exploring,1
mainstream,1
curriculum,1
obtaining,1
committee,1
diluting,1
coursework,1
interns,1
shorten,1
watered,1
brainstorming,1
proposed,1
financiers,1
enterprises,1
memorized,1
inventing,1
modernization,1
mainland,1
presenting,1
creativeness,1
scenes,1
combine,1
recited,1
dolls,1
sociological,1
gerianne,1
melissa,1
doll,1
sexes,1
differ,1
genderappropriate,1
windsor,1
colorado,1
obstacles,1
literate,1
whiz,1
negotiated,1
bills,1
refinance,1
corporations,1
walmart,1
estate,1
complexes,1
quarry,1
miserable,1
selfmade,1
bystanders,1
programmer,1
releases,1
mortgage,1
suppose,1
exams,1
promising,1
wrinkles,1
desirability,1
legally,1
regulation,1
cosmetic,1
producer,1
seizure,1
notable,1
waistline,1
shocks,1
pads,1
grounds,1
proceedings,1
continually,1
costly,1
unreliable,1
profits,1
complaints,1
distributors,1
ferry,1
suburbs,1
interchange,1
transfers,1
discounted,1
timetables,1
brishane,1
centres,1
skip,1
katherine,1
brooking,1
loaded,1
overeating,1
skippers,1
undone,1
distinguished,1
fortunes,1
shocking,1
hang,1
justice,1
japanese,1
accurate,1
wastes,1
reinvent,1
problematic,1
renewable,1
limitlessly,1
fallow,1
declare,1
unforeseen,1
undesired,1
sustainably,1
placing,1
thcentury,1
presidency,1
speeches,1
governmental,1
appointed,1
elections,1
shabby,1
cottage,1
dirt,1
mount,1
signal,1
nest,1
hobbled,1
reasoned,1
definitely,1
yelled,1
spies,1
sweeping,1
tricking,1
legged,1
sayings,1
shines,1
glasshouses,1
bush,1
handbag,1
occasion,1
william,1
predictably,1
bits,1
bicycles,1
splitting,1
duncan,1
foggiest,1
advances,1
inventions,1
minus,1
baggage,1
conjure,1
grownup,1
cigarette,1
jammed,1
kick,1
advocates,1
taxation,1
manhattan,1
marlboro,1
drugstore,1
charleston,1
centapack,1
surveys,1
falls,1
cigarettes,1
unconcern,1
roger,1
empirical,1
minnesota,1
outlook,1
afforded,1
occupant,1
nancy,1
wells,1
greenness,1
gains,1
kenneth,1
laboratory,1
maths,1
loosen,1
allison,1
faults,1
stamford,1
bases,1
malay,1
pioneering,1
circular,1
mysteriously,1
indirectly,1
alerts,1
reappear,1
hafeman,1
trial,1
accesses,1
alerted,1
alert,1
conscience,1
thieves,1
oxforadlondon,1
menu,1
sausage,1
caesar,1
goldenfried,1
peppers,1
tomatoes,1
driscoll,1
valid,1
chart,1
sharpest,1
archaeological,1
widening,1
epic,1
ancestors,1
commerce,1
wudi,1
syria,1
lijien,1
contacts,1
tribes,1
parthians,1
acrobats,1
ostrich,1
luxury,1
achieves,1
originated,1
rechargeable,1
instantly,1
transfer,1
recharges,1
guaranteed,1
privilege,1
label,1
refreshing,1
believer,1
jerry,1
fodor,1
pinker,1
symbolic,1
tapestry,1
composed,1
rewriting,1
critic,1
elbow,1
rewrites,1
excitedly,1
checkout,1
seemingly,1
unloading,1
jokingly,1
marry,1
seal,1
politeness,1
conveyed,1
consequences,1
flannery,1
boiling,1
nadi,1
farthest,1
villages,1
artworks,1
staged,1
yaqona,1
fijian,1
matches,1
unavoidably,1
shortsighted,1
schubert,1
gershwin,1
emotive,1
mathematical,1
curiosities,1
hungers,1
disagree,1
identifies,1
angles,1
phenomena,1
imaginative,1
unobtrusively,1
organizations,1
managing,1
fullyequipped,1
guaranteeing,1
windy,1
caves,1
windward,1
downwind,1
needn,1
campfire,1
secondfloor,1
showcome,1
reservation,1
irrelevant,1
dividing,1
constitutes,1
obey,1
companions,1
governed,1
earliest,1
outdoor,1
cafe,1
talkative,1
hardworking,1
representatives,1
fans,1
startups,1
appeal,1
resemble,1
selfpromotional,1
dies,1
fade,1
triedandtrue,1
popcultural,1
turnover,1
speeded,1
misstep,1
threatens,1
expansion,1
limitless,1
frontier,1
conquered,1
fashionlike,1
celebrityhas,1
saves,1
households,1
busied,1
sweepinganddusting,1
broom,1
clocking,1
breadwinner,1
unmarried,1
yawns,1
sympathize,1
supporting,1
neuroscientist,1
mode,1
glows,1
yawn,1
accordingly,1
delicate,1
channeled,1
collectively,1
objections,1
sometime,1
discourages,1
controlling,1
cloning,1
hopelessly,1
strengthening,1
lengthening,1
energetic,1
logged,1
crave,1
necsoft,1
biodelogon,1
facecode,1
recog,1
nize,1
user,1
taiyetos,1
cursing,1
tying,1
hens,1
hostess,1
courtyard,1
goat,1
hone,1
merry,1
goodbye,1
clays,1
inflation,1
dares,1
stock,1
antiques,1
twelve,1
fastens,1
clay,1
hearts,1
tire,1
marked,1
palaces,1
finest,1
joys,1
quoting,1
remark,1
chicks,1
statesmen,1
broadly,1
categorized,1
sneaky,1
demonstrate,1
trusted,1
dishonor,1
reputations,1
nobility,1
honorably,1
attentive,1
unfortunate,1
truthfully,1
parasitic,1
kills,1
earning,1
tanzania,1
mozambique,1
gambia,1
vessels,1
mosquito,1
chloroquine,1
resistant,1
gentleman,1
cosmopolitan,1
abused,1
villa,1
antony,1
gruber,1
blvd,1
irene,1
ponbs,1
pacific,1
nielson,1
baxter,1
loveland,1
ohio,1
catalog,1
frankenheim,1
koln,1
enclose,1
addressed,1
survey,1
idol,1
stare,1
fragile,1
eagerly,1
imagining,1
brothers,1
labor,1
umbilical,1
cord,1
radiate,1
ababb,1
cdacd,1
settled,1
cadcb,1
abacd,1
acdbd,1
ebdca,1
supernatural,1
folktales,1
fairy,1
knife,1
chimney,1
believers,1
supermen,1
unacceptable,1
terrified,1
ittle,1
plucking,1
tempered,1
slower,1
pluck,1
wither,1
contrary,1
alike,1
remembers,1
weezer,1
album,1
hairstyles,1
orbits,1
adulthood,1
greeting,1
kerrie,1
lebanon,1
valley,1
grandmas,1
olympics,1
passive,1
flaw,1
sleeves,1
tutor,1
convince,1
dare,1
unconfident,1
untrue,1
firmly,1
undersized,1
warring,1
commander,1
frenchman,1
powdered,1
wars,1
receives,1
engaging,1
shoulders,1
reviewing,1
amid,1
shaken,1
mannered,1
faithful,1
charts,1
directory,1
counselling,1
comparative,1
hotlinks,1
virtual,1
updated,1
arranging,1
compiles,1
ninety,1
toughest,1
adjustment,1
semester,1
organizes,1
cinemas,1
pubs,1
clubs,1
bdbab,1
ccdcd,1
bcbab,1
fecba,1
mining,1
warfare,1
dynamite,1
ludwig,1
merchant,1
profited,1
destruction,1
sciences,1
iudged,1
implying,1
repaid,1
contract,1
additions,1
perfume,1
elbows,1
hurrying,1
bargain,1
double,1
smoked,1
bound,1
inform,1
warln,1
standers,1
grins,1
ofwork,1
lifl,1
retum,1
mdge,1
sire,1
coflceru,1
pommlilnieatp,1
bettpr,1
anothp,1
staft,1
caterpillars,1
highlights,1
narrator,1
verse,1
rhymed,1
inhabitants,1
delightful,1
watercolors,1
pastels,1
whimsical,1
fanciful,1
introduces,1
limb,1
wonn,1
ahhough,1
catches,1
hook,1
wagon,1
cooks,1
swinging,1
humor,1
oversize,1
employing,1
mammals,1
enormity,1
equates,1
leaf,1
grandfather,1
granddaughter,1
speckled,1
trout,1
springtime,1
fisherman,1
hurries,1
dock,1
hooks,1
celebrates,1
sighredness,1
sleepy,1
awoken,1
hugged,1
photographed,1
aussie,1
cbcaa,1
dcadb,1
badbc,1
adcbd,1
ddabc,1
dacdc,1
acadb,1
acdcd,1
abbcd,1
dbdac,1
eadfc,1
fcabe,1
concerning,1
sighted,1
overuse,1
disturbing,1
photographing,1
exits,1
unconsciously,1
unsatisfied,1
csme,1
spit,1
diamond,1
necklace,1
unfairly,1
limitations,1
adolescent,1
cheek,1
lone,1
tennager,1
visdom,1
poorly,1
paragorph,1
nretending,1
forgave,1
trrny,1
embarrasses,1
iraer,1
peakers,1
verv,1
inconvenience,1
blaming,1
loser,1
howevet,1
earry,1
irresponsibility,1
inability,1
regardless,1
anybody,1
stepping,1
barriers,1
hometimes,1
aperson,1
becteria,1
vegetabies,1
spray,1
weeds,1
sects,1
beans,1
unwashed,1
refrigerator,1
thoroughly,1
emptied,1
varieties,1
poiseming,1
fome,1
naturall,1
handled,1
raging,1
vaccinations,1
termed,1
vaccine,1
beinspiring,1
revenue,1
guaranree,1
greal,1
barely,1
multimillionaires,1
timesrich,1
estates,1
jetting,1
radcliffe,1
stat,1
woned,1
cursory,1
tranment,1
overworked,1
alice,1
miller,1
provece,1
filce,1
repositioned,1
abnormal,1
parental,1
eithan,1
subiects,1
upsets,1
hattle,1
reforms,1
adbcb,1
bccba,1
acdba,1
bbdad,1
faedc,1
directions,1
classification,1
grouping,1
mature,1
competent,1
wrongly,1
heavily,1
cleverly,1
unwell,1
alongside,1
horning,1
fore,1
horns,1
adopted,1
sweetness,1
submission,1
suspected,1
bowl,1
groom,1
significance,1
sweetly,1
scholar,1
inspected,1
notebooks,1
storied,1
tryuing,1
reusing,1
arrangement,1
redirecting,1
accelerate,1
industries,1
consumes,1
lacks,1
mentality,1
seductive,1
charm,1
prescott,1
tangled,1
exhumed,1
breezy,1
whiff,1
portrays,1
comeback,1
survivor,1
bethany,1
comedy,1
embraces,1
dramatic,1
bastard,1
richer,1
compelling,1
thriller,1
roller,1
coaster,1
finland,1
toughened,1
harsh,1
imposter,1
hanna,1
prey,1
domesticated,1
jungles,1
linda,1
mate,1
blue,1
bride,1
gang,1
hunters,1
criminals,1
reasonably,1
testifying,1
durable,1
clich,1
emerges,1
uncrowded,1
genre,1
sparse,1
highness,1
forgettable,1
trophies,1
idyllic,1
hawaii,1
strikes,1
surfboard,1
surfing,1
beacon,1
ghost,1
emerge,1
horror,1
uttering,1
referential,1
liners,1
mounts,1
belabored,1
revel,1
gore,1
revision,1
promotional,1
hymn,1
chua,1
dorm,1
hated,1
